category,tier,score,name,provider,scope,region,type,resolution,year,license,commercial,access,probe,http,flags,topology,url
roads,A,100,BBBike OSM extracts,BBBike,G,World,vector,OSM,2026,ODbL,Y,dl,ok,206,SHARE-ALIKE,Y,https://extract.bbbike.org/
roads,A,100,Daylight Map Distribution,Meta/Daylight,G,World,vector,OSM,2024,ODbL,Y,dl,ok,206,SHARE-ALIKE,Y,https://daylightmap.org/
roads,A,100,Global urban street networks (Boeing),Harvard Dataverse / G. Boeing,G,"8,914 urban areas",vector+graph,OSM,2025,CC0/ODbL,Y,dl,ok,202,SHARE-ALIKE,Y,https://dataverse.harvard.edu/dataverse/global-urban-street-networks
roads,A,100,OpenStreetMap full history planet,OpenStreetMap Foundation,G,World,vector,~1-5 m,2026,ODbL,Y,dl,ok,200,SHARE-ALIKE,Y,https://planet.openstreetmap.org/planet/full-history/
roads,A,100,OpenStreetMap planet,OpenStreetMap Foundation,G,World,vector,~1-5 m,2026,ODbL,Y,dl,ok,200,SHARE-ALIKE,Y,https://planet.openstreetmap.org/
roads,A,100,Overture Maps transportation,Overture Maps Foundation,G,World,vector,~1-5 m,2026,ODbL,Y,dl,ok,206,SHARE-ALIKE,Y,https://docs.overturemaps.org/guides/transportation/
roads,A,100,Protomaps basemap builds,Protomaps,G,World,vector tiles,OSM,2026,ODbL,Y,dl,ok,206,SHARE-ALIKE,N,https://maps.protomaps.com/builds/
roads,A,97,KartaView street imagery,Grab/KartaView,G,World,imagery,street imagery,2025,CC-BY-SA 4.0,Y,api,ok,206,SHARE-ALIKE,N,https://kartaview.org/
roads,A,95,Natural Earth roads 10m,Natural Earth,G,World,vector,1:10M,2023,Public domain,Y,dl,ok,200,,N,https://www.naturalearthdata.com/downloads/10m-cultural-vectors/roads/
roads,A,92,HOT Export Tool,Humanitarian OpenStreetMap Team,G,World,vector,OSM,2026,ODbL,Y,reg,ok,200,SHARE-ALIKE,Y,https://export.hotosm.org/
roads,A,92,Microsoft Road Detections,Microsoft,G,World,vector,ML ~5-10 m,2022,ODbL,Y,dl,reachable_restricted,403,SHARE-ALIKE,N,https://github.com/microsoft/RoadDetections
roads,A,90,Geofabrik OSM extracts,Geofabrik,G,World,vector,OSM,2026,ODbL,Y,dl,error,curl: (35) Recv failure: Connection reset by peer,SHARE-ALIKE,Y,https://download.geofabrik.de/
roads,A,90,OpenMapTiles,MapTiler,G,World,vector tiles,OSM,2025,ODbL+CC-BY,R,dl,ok,200,SHARE-ALIKE,N,https://openmaptiles.org/
roads,A,89,OSM QA tiles,Mapbox/OSM Lab,G,World,vector tiles,OSM,2020,ODbL,Y,dl,ok,206,SHARE-ALIKE,N,https://osmlab.github.io/osm-qa-tiles/
roads,A,88,EuroGlobalMap transport,EuroGeographics,C,Europe,vector,1:1M,2025,CC-BY 4.0,Y,dl,ok,200,,Y,https://eurogeographics.org/maps-for-europe/open-data/
roads,A,88,GISCO transport networks,Eurostat,C,Europe,vector,1:1M,2024,Eurostat terms,Y,dl,ok,200,,N,https://ec.europa.eu/eurostat/web/gisco/geodata
roads,A,88,TEN-T network (TENtec),European Commission,C,EU,vector,1:1M,2024,EC reuse,Y,dl,ok,206,,N,https://transport.ec.europa.eu/transport-themes/infrastructure-and-investment/trans-european-transport-network-ten-t_en
roads,A,87,"Mapillary map features (signs, signals)",Meta/Mapillary,G,World,points,street imagery,2026,CC-BY-SA 4.0,Y,api,error,400,SHARE-ALIKE,N,https://www.mapillary.com/developer
roads,A,87,Overpass API,OSM community,G,World,vector,OSM,2026,ODbL,Y,api,error,curl: (35) Recv failure: Connection reset by peer,SHARE-ALIKE,Y,https://overpass-api.de/
roads,A,82,Meta Map With AI road predictions,Meta,G,World (partial),vector,ML,2023,ODbL,Y,api,error,"curl: (60) SSL certificate problem: certificate has expired
More details here: h",SHARE-ALIKE,N,https://mapwith.ai/
roads,A,81,Azure Maps,Microsoft,G,World,api,TomTom-based,2026,Commercial,P,api,ok,200,PAID,N,https://learn.microsoft.com/en-us/azure/azure-maps/
roads,A,81,Google Maps Platform Roads API,Google,G,World,api,survey,2026,Commercial,P,api,ok,200,PAID,N,https://developers.google.com/maps/documentation/roads/overview
roads,A,81,Mapbox Streets v8 tileset,Mapbox,G,World,vector tiles,OSM+,2026,Commercial,P,api,ok,206,PAID,N,https://docs.mapbox.com/data/tilesets/reference/mapbox-streets-v8/
roads,A,80,BDOT10k,GUGiK,N,Poland,vector,1:10k,2025,Open,Y,dl,ok,200,NOT-GLOBAL,Y,https://www.geoportal.gov.pl/
roads,A,80,BKG Digitales Landschaftsmodell (DLM250),BKG,N,Germany,vector,1:250k,2025,DL-DE BY 2.0,Y,dl,ok,200,NOT-GLOBAL,Y,https://gdz.bkg.bund.de/
roads,A,80,Colombia en Mapas (IGAC) vias,IGAC,N,Colombia,vector,1:100k,2024,Open,Y,dl,ok,206,NOT-GLOBAL,N,https://www.colombiaenmapas.gov.co/
roads,A,80,DGU Geoportal,DGU,N,Croatia,vector,1:25k,2025,Open,Y,dl,ok,206,NOT-GLOBAL,N,https://geoportal.dgu.hr/
roads,A,80,DNIT SNV,DNIT,N,Brazil,vector,1:250k,2025,Open,Y,dl,ok,206,NOT-GLOBAL,N,https://www.gov.br/dnit/pt-br/assuntos/atlas-e-mapas/pnv-e-snv
roads,A,80,Digiroad,Finnish Transport Infrastructure Agency,N,Finland,vector,survey,2026,CC-BY 4.0,Y,dl,ok,200,NOT-GLOBAL,Y,https://vayla.fi/en/transport-network/data/digiroad
roads,A,80,Digital Atlas of Australia roads,Geoscience Australia,N,Australia,vector,1:250k,2025,CC-BY 4.0,Y,dl,ok,200,NOT-GLOBAL,N,https://digital.atlas.gov.au/
roads,A,80,ETAK,Estonian Land and Spatial Board,N,Estonia,vector,1:10k,2025,Open,Y,dl,ok,200,NOT-GLOBAL,Y,https://geoportaal.maaamet.ee/
roads,A,80,FHWA HPMS,US DOT FHWA,N,USA,vector,LRS,2024,Public domain,Y,dl,ok,200,NOT-GLOBAL,N,https://www.fhwa.dot.gov/policyinformation/hpms.cfm
roads,A,80,GIP Graphenintegrations-Plattform,GIP.at,N,Austria,vector,survey,2026,CC-BY 4.0,Y,dl,ok,206,NOT-GLOBAL,Y,https://www.gip.gv.at/
roads,A,80,GURS e-prostor,GURS,N,Slovenia,vector,1:5k,2025,CC-BY 4.0,Y,dl,ok,206,NOT-GLOBAL,Y,https://www.e-prostor.gov.si/
roads,A,80,Geoportail Luxembourg open data,ACT Luxembourg,N,Luxembourg,vector,1:5k,2025,CC0,Y,dl,ok,200,NOT-GLOBAL,Y,https://data.public.lu/
roads,A,80,IDE MOP Chile red vial,MOP Chile,N,Chile,vector,1:25k,2025,Open,Y,dl,ok,200,NOT-GLOBAL,N,https://ide.mop.gob.cl/
roads,A,80,IGN BD CARTO,IGN France,N,France,vector,1:50k,2025,Etalab 2.0,Y,dl,ok,206,NOT-GLOBAL,Y,https://geoservices.ign.fr/bdcarto
roads,A,80,IGN BD TOPO transport,IGN France,N,France,vector,1:5k,2026,Etalab 2.0,Y,dl,ok,206,NOT-GLOBAL,Y,https://geoservices.ign.fr/bdtopo
roads,A,80,INEGI Red Nacional de Caminos,INEGI,N,Mexico,vector,1:50k,2024,INEGI libre uso,Y,dl,ok,200,NOT-GLOBAL,Y,https://www.inegi.org.mx/temas/caminos/
roads,A,80,LGIA topographic data,LGIA,N,Latvia,vector,1:10k,2025,Open,Y,dl,ok,206,NOT-GLOBAL,N,https://www.lgia.gov.lv/
roads,A,80,LINZ NZ Road Centrelines (Topo 1:50k),LINZ,N,New Zealand,vector,1:50k,2025,CC-BY 4.0,Y,dl,ok,200,NOT-GLOBAL,Y,https://data.linz.govt.nz/layer/50329-nz-road-centrelines-topo-150k/
roads,A,80,Nationaal Wegenbestand (NWB),Rijkswaterstaat,N,Netherlands,vector,1:1k,2026,CC0,Y,dl,ok,200,NOT-GLOBAL,Y,https://www.nationaalwegenbestand.nl/
roads,A,80,OS Open Roads,Ordnance Survey,N,Great Britain,vector,1:25k,2026,OGL,Y,dl,ok,206,NOT-GLOBAL,Y,https://www.ordnancesurvey.co.uk/products/os-open-roads
roads,A,80,PDOK TOP10NL / BGT,Kadaster,N,Netherlands,vector,1:10k,2026,CC-BY 4.0,Y,dl,ok,200,NOT-GLOBAL,Y,https://www.pdok.nl/
roads,A,80,TIGER/Line roads,US Census Bureau,N,USA,vector,1:10k-ish,2025,Public domain,Y,dl,ok,200,NOT-GLOBAL,Y,https://www.census.gov/geographies/mapping-files/time-series/geo/tiger-line-file.html
roads,A,80,USGS National Transportation Dataset,USGS The National Map,N,USA,vector,1:24k,2025,Public domain,Y,dl,ok,206,NOT-GLOBAL,Y,https://apps.nationalmap.gov/downloader/
roads,A,80,ZABAGED,CUZK,N,Czechia,vector,1:10k,2025,CC-BY 4.0,Y,dl,ok,200,NOT-GLOBAL,Y,https://geoportal.cuzk.cz/
roads,A,80,swissTLM3D,swisstopo,N,Switzerland,vector,1:10k,2025,OGD swisstopo,Y,dl,ok,200,NOT-GLOBAL,Y,https://www.swisstopo.admin.ch/en/landscape-model-swisstlm3d
roads,B,78,HDX road datasets,UN OCHA HDX,C,Humanitarian countries,vector,mixed,2026,Various,R,dl,ok,202,,N,https://data.humdata.org/search?q=roads
roads,B,77,BTS NTAD,US DOT BTS,N,USA,vector,1:100k,2025,Public domain,Y,dl,reachable_restricted,403,NOT-GLOBAL,Y,https://www.bts.gov/ntad
roads,B,77,CNIG Red de Transporte,IGN Spain,N,Spain,vector,1:25k,2025,CC-BY 4.0,Y,dl,reachable_restricted,403,NOT-GLOBAL,Y,https://centrodedescargas.cnig.es/
roads,B,77,CORINE Land Cover class 122 roads,EEA/Copernicus,C,Europe,vector,25 ha MMU,2018,Copernicus free,Y,dl,ok,206,,N,https://land.copernicus.eu/en/products/corine-land-cover
roads,B,77,Geoportal MTC Peru red vial,MTC Peru,N,Peru,vector,1:100k,2024,Open,Y,dl,reachable_restricted,403,NOT-GLOBAL,N,https://geoportal.mtc.gob.pe/
roads,B,77,LTA DataMall,LTA Singapore,N,Singapore,vector,survey,2026,Singapore Open Data Licence,Y,api,ok,206,NOT-GLOBAL,Y,https://datamall.lta.gov.sg/
roads,B,77,NVDB Norway,Statens vegvesen,N,Norway,vector,survey,2026,NLOD,Y,api,ok,200,NOT-GLOBAL,Y,https://www.vegvesen.no/fag/teknologi/nasjonal-vegdatabank/
roads,B,75,GRIP Global Roads Inventory,PBL Netherlands,G,World,vector,1:250k-1:1M,2018,Attribution (non-commercial terms),N,dl,ok,200,NON-COMMERCIAL,N,https://www.globio.info/download-grip-dataset
roads,B,75,IGN Argentina capas SIG vial,IGN Argentina,N,Argentina,vector,1:250k,2025,CC-BY 4.0,Y,dl,blocked_here,000,NOT-GLOBAL,N,https://www.ign.gob.ar/NuestrasActividades/InformacionGeoespacial/CapasSIG
roads,B,75,National Road Network (NRN),NRCan,N,Canada,vector,1:10k,2022,Open Government Licence,Y,dl,ok,200,NOT-GLOBAL,Y,https://open.canada.ca/data/en/dataset/3d282116-e556-400c-9306-ca1a3cada77f
roads,B,75,PMGSY GeoSadak rural roads,Ministry of Rural Development,N,India,vector,GPS,2025,GODL India,Y,dl,blocked_here,000,NOT-GLOBAL,N,https://geosadak-pmgsy.nic.in/
roads,B,74,Adresses Quebec road network,Gouvernement du Quebec,S,Quebec,vector,1:20k,2025,CC-BY 4.0,Y,dl,ok,200,NOT-GLOBAL,Y,https://www.donneesquebec.ca/
roads,B,74,BC Digital Road Atlas,Government of BC,S,British Columbia,vector,1:20k,2025,OGL BC,Y,dl,ok,200,NOT-GLOBAL,Y,https://www2.gov.bc.ca/gov/content/data/geographic-data-services/topographic-data/roads
roads,B,74,CSDI Hong Kong centrelines,Lands Department HK,S,Hong Kong,vector,1:1k,2026,Open,Y,dl,ok,206,NOT-GLOBAL,Y,https://portal.csdi.gov.hk/
roads,B,74,California statewide roads (CA Geoportal),State of California,S,California,vector,survey,2025,Public domain,Y,dl,ok,200,NOT-GLOBAL,Y,https://gis.data.ca.gov/
roads,B,74,NYC LION street centerlines,NYC Planning,S,New York City,vector,survey,2026,Public domain,Y,dl,ok,206,NOT-GLOBAL,Y,https://www.nyc.gov/site/planning/data-maps/open-data/dwn-lion.page
roads,B,74,Ontario Road Network,Ontario LIO,S,Ontario,vector,1:10k,2025,OGL Ontario,Y,dl,ok,200,NOT-GLOBAL,Y,https://geohub.lio.gov.on.ca/
roads,B,74,Wegenregister Vlaanderen,Digitaal Vlaanderen,S,Flanders,vector,survey,2026,Modellicentie gratis,Y,dl,ok,206,NOT-GLOBAL,Y,https://download.vlaanderen.be/
roads,B,73,VMap0 transportation,NGA,G,World,vector,1:1M,1997,Public domain,Y,dl,error,curl: (35) OpenSSL SSL_connect: SSL_ERROR_SYSCALL in connection to earth-info.ng,STALE<2018,N,https://earth-info.nga.mil/
roads,B,73,Waze for Cities,Google/Waze,G,World,api,probe,2026,Partner agreement,R,req,ok,200,,N,https://www.waze.com/wazeforcities
roads,B,72,GeoDanmark / Dataforsyningen,SDFI,N,Denmark,vector,1:1k,2026,Open,Y,reg,ok,206,NOT-GLOBAL,Y,https://dataforsyningen.dk/
roads,B,72,Geoportal.lt GDR10LT,NZT Lithuania,N,Lithuania,vector,1:10k,2025,Open,Y,reg,ok,200,NOT-GLOBAL,Y,https://www.geoportal.lt/
roads,B,72,IBGE BC250 transport,IBGE,N,Brazil,vector,1:250k,2023,Open,Y,dl,reachable_restricted,403,NOT-GLOBAL,N,https://www.ibge.gov.br/geociencias/cartas-e-mapas/bases-cartograficas-continuas/15759-brasil.html
roads,B,72,NGII Korea,NGII,N,South Korea,vector,1:5k,2025,KOGL,Y,reg,ok,206,NOT-GLOBAL,Y,https://www.ngii.go.kr/
roads,B,72,NVDB Sweden (Lastkajen),Trafikverket,N,Sweden,vector,survey,2026,CC0,Y,reg,ok,206,NOT-GLOBAL,Y,https://lastkajen.trafikverket.se/
roads,B,72,Rupa Bumi Indonesia (Ina-Geoportal),BIG Indonesia,N,Indonesia,vector,1:25k,2024,Open,Y,reg,ok,206,NOT-GLOBAL,N,https://tanahair.indonesia.go.id/
roads,B,71,Africa Infrastructure (AICD) roads,World Bank/AfDB,C,Africa,vector,1:1M,2010,CC-BY 4.0,Y,dl,ok,200,STALE<2018,N,https://datacatalog.worldbank.org/search/dataset/0038236
roads,B,70,Ecopia road network,Ecopia AI,G,World (paid),vector,imagery ML,2025,Commercial,P,com,ok,200,PAID,Y,https://www.ecopiatech.com/
roads,B,70,HERE Map Content,HERE Technologies,G,World,vector,survey,2026,Commercial,P,com,ok,206,PAID,Y,https://www.here.com/platform/map-data
roads,B,70,Logistics Cluster LogIE roads,WFP Logistics Cluster,C,Humanitarian countries,vector,mixed,2025,Humanitarian use,R,reg,ok,206,,N,https://logie.logcluster.org/
roads,B,70,Planet road change detection,Planet,G,World,vector,3 m,2025,Commercial,P,com,ok,206,PAID,N,https://www.planet.com/
roads,B,69,Copernicus Urban Atlas (road class),EEA/Copernicus,C,Europe FUAs,vector,1:10k,2021,Copernicus free,Y,reg,ok,206,,N,https://land.copernicus.eu/en/products/urban-atlas
roads,B,69,StatCan Road Network File,Statistics Canada,N,Canada,vector,1:10k,2021,Open Government Licence,Y,dl,ok,200,NOT-GLOBAL,Y,https://www12.statcan.gc.ca/census-recensement/2021/geo/sip-pis/rnf-frr/index-eng.cfm
roads,B,69,TGOS Taiwan road network,MOI Taiwan,N,Taiwan,vector,1:5k,2025,OGDL Taiwan,Y,reg,reachable_restricted,403,NOT-GLOBAL,Y,https://www.tgos.tw/
roads,B,67,GSI Fundamental Geospatial Data,GSI Japan,N,Japan,vector,1:2.5k,2025,GSI terms (attribution),Y,reg,blocked_here,000,NOT-GLOBAL,Y,https://fgd.gsi.go.jp/download/
roads,B,67,GovMap Israel,Survey of Israel,N,Israel,vector,1:10k,2025,Restricted,R,api,ok,206,NOT-GLOBAL,N,https://www.govmap.gov.il/
roads,B,67,INRIX road network/traffic,INRIX,G,World,vector,probe,2026,Commercial,P,com,reachable_restricted,403,PAID,N,https://inrix.com/
roads,B,65,ANCPI Geoportal,ANCPI,N,Romania,vector,1:5k,2024,Open,R,dl,blocked_here,000,NOT-GLOBAL,N,https://geoportal.ancpi.ro/
roads,B,65,DPWH road GIS,DPWH Philippines,N,Philippines,vector,survey,2024,Open,R,dl,blocked_here,000,NOT-GLOBAL,N,https://www.dpwh.gov.ph/dpwh/gis/
roads,B,65,gROADS v1,NASA SEDAC/CIESIN,G,World,vector,1:250k+,2013,CC-BY 4.0,Y,reg,error,curl: (35) Recv failure: Connection reset by peer,STALE<2018,N,https://sedac.ciesin.columbia.edu/data/set/groads-global-roads-open-access-v1
roads,B,64,Asian Highway network,UNESCAP,C,Asia,vector,1:1M,2020,UN terms,R,dl,reachable_restricted,403,,N,https://www.unescap.org/our-work/transport/asian-highway
roads,B,64,Dubai Pulse road network,Dubai Digital Authority,S,Dubai,vector,survey,2025,Open,Y,dl,error,curl: (35) Recv failure: Connection reset by peer,NOT-GLOBAL,N,https://www.dubaipulse.gov.ae/
roads,B,63,SpaceNet 3 roads (training labels),SpaceNet/AWS,S,5 cities,vector,labels,2018,CC-BY-SA 4.0,Y,dl,ok,200,SHARE-ALIKE;NOT-GLOBAL,Y,https://spacenet.ai/spacenet-roads-dataset/
roads,B,62,Survey of India online maps,Survey of India,N,India,vector,1:50k,2024,Restricted,R,reg,ok,200,NOT-GLOBAL,N,https://onlinemaps.surveyofindia.gov.in/
roads,B,60,Esri StreetMap Premium,Esri,G,World,vector,HERE/TomTom,2026,Commercial,P,com,broken_link,404,PAID;URL-BROKEN,Y,https://www.esri.com/en-us/arcgis/products/streetmap-premium/overview
roads,B,60,TomTom Orbis / MultiNet,TomTom,G,World,vector,survey,2026,Commercial,P,com,broken_link,404,PAID;URL-BROKEN,Y,https://www.tomtom.com/products/orbis-maps/
roads,C,58,EuroRegionalMap transport,EuroGeographics,C,Europe,vector,1:250k,2025,Commercial,P,com,ok,200,PAID,Y,https://eurogeographics.org/maps-for-europe/euroregionalmap/
roads,C,58,NGI South Africa topographic,NGI South Africa,N,South Africa,vector,1:50k,2024,Open,Y,req,blocked_here,000,NOT-GLOBAL,N,https://www.ngi.gov.za/
roads,C,50,Geoscape Transport,Geoscape Australia,N,Australia,vector,survey,2025,Commercial,P,com,ok,200,PAID;NOT-GLOBAL,Y,https://geoscape.com.au/
roads,C,50,Harita Genel Mudurlugu,HGM Turkey,N,Turkey,vector,1:25k,2024,Commercial,P,com,ok,200,PAID;NOT-GLOBAL,N,https://www.harita.gov.tr/
roads,C,50,Tailte Eireann Prime2,Tailte Eireann,N,Ireland,vector,survey,2025,Commercial,P,com,ok,200,PAID;NOT-GLOBAL,Y,https://www.tailte.ie/
roads,C,48,Kenya Roads Board RICS,Kenya Roads Board,N,Kenya,vector,GPS,2023,Restricted,R,req,ok,206,NOT-GLOBAL,N,https://www.krb.go.ke/
roads,C,48,NAMRIA topographic,NAMRIA,N,Philippines,vector,1:50k,2023,Restricted,R,req,ok,200,NOT-GLOBAL,N,https://www.namria.gov.ph/
roads,C,43,JUPEM Malaysia,JUPEM,N,Malaysia,vector,1:50k,2024,Restricted,R,req,error,"curl: (60) SSL certificate problem: unable to get local issuer certificate
More ",NOT-GLOBAL,N,https://www.jupem.gov.my/
roads,C,43,Massachusetts Roads Dataset (training),U Toronto (Mnih),S,Massachusetts,raster labels,1 m,2013,Research,N,dl,ok,206,NON-COMMERCIAL;STALE<2018;NOT-GLOBAL,N,https://www.cs.toronto.edu/~vmnih/data/
roads,C,43,National Catalogue Service 1:1M (Tianditu),NGCC China,N,China,vector,1:1M,2021,Free registration,R,reg,server_error,502,NOT-GLOBAL,N,https://www.webmap.cn/
roads,C,40,OS MasterMap Highways Network,Ordnance Survey,N,Great Britain,vector,survey,2026,Commercial,P,com,broken_link,404,PAID;NOT-GLOBAL;URL-BROKEN,Y,https://www.ordnancesurvey.co.uk/products/os-mastermap-highways-network
roads,C,38,DeepGlobe road extraction (training),DeepGlobe,S,3 countries tiles,raster labels,50 cm,2018,Research,N,reg,reachable_restricted,403,NON-COMMERCIAL;NOT-GLOBAL,N,http://deepglobe.org/
buildings,A,100,Google Open Buildings 2.5D Temporal,Google Research,G,Global South,raster,"4 m, 2016-2023",2024,CC-BY 4.0,Y,dl,ok,200,,-,https://sites.research.google/gr/open-buildings/temporal/
buildings,A,100,HOT Tasking Manager outputs,HOT,G,Humanitarian areas,vector,trace (OSM),2026,ODbL,Y,dl,ok,206,SHARE-ALIKE,-,https://tasks.hotosm.org/
buildings,A,100,OpenAerialMap (imagery for tracing),HOT,G,Partial,imagery,1-50 cm,2026,CC-BY 4.0,Y,dl,ok,206,,-,https://openaerialmap.org/
buildings,A,100,OpenStreetMap buildings,OpenStreetMap Foundation,G,World,vector,survey/trace,2026,ODbL,Y,dl,ok,200,SHARE-ALIKE,-,https://planet.openstreetmap.org/
buildings,A,100,Overture Maps buildings,Overture Maps Foundation,G,World,vector,conflated,2026,ODbL,Y,dl,ok,206,SHARE-ALIKE,-,https://docs.overturemaps.org/guides/buildings/
buildings,A,100,UT-GLOBUS,UT Austin (Kamath et al.),G,"1,200+ cities",vector,ML,2024,CC-BY 4.0,Y,dl,ok,200,,-,https://www.nature.com/articles/s41597-024-03719-w
buildings,A,100,VIDA Google-Microsoft-OSM combined footprints,VIDA / Source Cooperative,G,World,vector,conflated,2024,ODbL,Y,dl,ok,200,SHARE-ALIKE,-,https://source.coop/repositories/vida/google-microsoft-osm-open-buildings/description
buildings,A,97,3D-GloBFP,Che et al. (ESSD 2024),G,World,vector,ML,2024,CC-BY 4.0,Y,dl,reachable_restricted,403,,-,https://doi.org/10.5281/zenodo.11319913
buildings,A,97,Bing Maps footprints in OSM (RapiD),Microsoft/Meta,G,World,vector,ML,2024,ODbL,Y,api,ok,206,SHARE-ALIKE,-,https://rapideditor.org/
buildings,A,97,Dynamic World built class,Google/WRI,G,World,raster,10 m NRT,2026,CC-BY 4.0,Y,api,ok,206,,-,https://dynamicworld.app/
buildings,A,97,Microsoft Global ML Building Footprints,Microsoft,G,World,vector,ML,2024,ODbL,Y,dl,reachable_restricted,403,SHARE-ALIKE,-,https://github.com/microsoft/GlobalMLBuildingFootprints
buildings,A,95,ESA WorldCover built-up class,ESA,G,World,raster,10 m,2022,CC-BY 4.0,Y,dl,ok,200,,-,https://esa-worldcover.org/
buildings,A,95,GHS-BUILT-S (built-up surface),EC JRC GHSL,G,World,raster,"10-100 m, 1975-2030",2023,CC-BY 4.0,Y,dl,ok,200,,-,https://human-settlement.emergency.copernicus.eu/download.php
buildings,A,95,GHS-BUILT-V (built-up volume),EC JRC GHSL,G,World,raster,100 m,2023,CC-BY 4.0,Y,dl,ok,200,,-,https://human-settlement.emergency.copernicus.eu/download.php
buildings,A,95,Google Open Buildings v3,Google Research,G,"Africa, S/SE Asia, LatAm, Caribbean",vector,50 cm ML,2023,CC-BY 4.0 / ODbL,Y,dl,ok,200,SHARE-ALIKE,-,https://sites.research.google/gr/open-buildings/
buildings,A,92,GISA v2 impervious,Wuhan Univ (Huang et al.),G,World,raster,30 m,2023,CC-BY 4.0,Y,dl,reachable_restricted,403,,-,https://doi.org/10.5281/zenodo.5791855
buildings,A,90,GlobalBuildingAtlas polygons (GBA.Polygon / ODbLPolygon),TUM (Zhu et al.),G,World,vector,3 m ML+fusion,2025,ODbL / CC-BY-NC 4.0,R,dl,ok,200,NON-COMMERCIAL;SHARE-ALIKE,-,https://huggingface.co/datasets/zhu-xlab/GBA.LoD1
buildings,A,89,WSF Evolution 1985-2015,DLR,G,World,raster,30 m,2021,CC-BY 4.0,Y,dl,ok,200,,-,https://geoservice.dlr.de/web/maps/eoc:wsfevolution
buildings,A,89,World Settlement Footprint 2019,DLR,G,World,raster,10 m,2021,CC-BY 4.0,Y,dl,ok,200,,-,https://geoservice.dlr.de/web/maps/eoc:wsf2019
buildings,A,87,Esri Living Atlas building layers,Esri,G,World (various),vector,mixed,2025,Esri terms,R,api,ok,206,,-,https://livingatlas.arcgis.com/
buildings,A,87,Esri World Imagery (tracing),Esri,G,World,imagery,30 cm-1 m,2026,Esri terms,R,api,ok,206,,-,https://www.arcgis.com/home/item.html?id=10df2279f9684e4a9f6a7f08febac2a9
buildings,A,86,GAIA impervious area,Tsinghua (Gong et al.),G,World,raster,"30 m, 1985-2018",2020,CC-BY 4.0,Y,dl,reachable_restricted,403,,-,http://data.ess.tsinghua.edu.cn/
buildings,A,85,Meta High Resolution Settlement Layer,Meta/CIESIN,G,160+ countries,raster,30 m,2023,CC-BY 4.0,Y,dl,error,400,,-,https://dataforgood.facebook.com/dfg/tools/high-resolution-population-density-maps
buildings,A,83,EUBUCCO,KIT/TUB (Milojevic-Dupont),C,EU-27 + CH,vector,official+OSM,2023,ODbL / mixed,Y,dl,ok,200,SHARE-ALIKE,-,https://eubucco.com/
buildings,A,83,GRID3 settlement extents,GRID3/CIESIN,C,Sub-Saharan Africa,vector,ML,2023,CC-BY 4.0,Y,dl,ok,200,,-,https://data.grid3.org/
buildings,A,80,BAG (Basisregistratie Adressen en Gebouwen),Kadaster,N,Netherlands,vector,cadastre,2026,CC0,Y,dl,ok,200,NOT-GLOBAL,-,https://www.pdok.nl/introductie/-/article/basisregistratie-adressen-en-gebouwen-ba-1
buildings,A,80,BDOT10k / EGiB buildings,GUGiK,N,Poland,vector,1:10k,2025,Open,Y,dl,ok,200,NOT-GLOBAL,-,https://www.geoportal.gov.pl/
buildings,A,80,CMAB China Multi-Attribute Building,Zhang et al. (2024),N,China,vector,ML,2024,CC-BY 4.0,Y,dl,ok,202,NOT-GLOBAL,-,https://doi.org/10.6084/m9.figshare.27992417
buildings,A,80,ETAK buildings,Estonian Land Board,N,Estonia,vector,1:2k,2025,Open,Y,dl,ok,200,NOT-GLOBAL,-,https://geoportaal.maaamet.ee/
buildings,A,80,FEMA USA Structures,FEMA/ORNL,N,USA,vector,imagery,2024,Public domain,Y,dl,ok,200,NOT-GLOBAL,-,https://gis-fema.hub.arcgis.com/pages/usa-structures
buildings,A,80,FKB-Bygning / N50,Kartverket,N,Norway,vector,1:1k-1:50k,2025,CC-BY 4.0 (N50),Y,dl,ok,206,NOT-GLOBAL,-,https://kartkatalog.geonorge.no/
buildings,A,80,IGN BD TOPO bati,IGN France,N,France,vector,1:5k,2026,Etalab 2.0,Y,dl,ok,206,NOT-GLOBAL,-,https://geoservices.ign.fr/bdtopo
buildings,A,80,INEGI Marco Geoestadistico (manzanas),INEGI,N,Mexico,vector,blocks,2024,INEGI libre uso,Y,dl,ok,206,NOT-GLOBAL,-,https://www.inegi.org.mx/temas/mg/
buildings,A,80,INSPIRE Index Polygons / Land Registry,HM Land Registry,N,England & Wales,vector,parcels,2026,OGL,Y,dl,ok,302,NOT-GLOBAL,-,https://use-land-property-data.service.gov.uk/datasets/inspire
buildings,A,80,Iceland IS 50V buildings,Natt.is,N,Iceland,vector,1:50k,2025,CC-BY 4.0,Y,dl,ok,200,NOT-GLOBAL,-,https://www.natt.is/
buildings,A,80,LINZ NZ Building Outlines,LINZ,N,New Zealand,vector,imagery,2025,CC-BY 4.0,Y,dl,ok,200,NOT-GLOBAL,-,https://data.linz.govt.nz/layer/101290-nz-building-outlines/
buildings,A,80,MML Maastotietokanta buildings,National Land Survey Finland,N,Finland,vector,1:5k,2026,CC-BY 4.0,Y,dl,ok,206,NOT-GLOBAL,-,https://www.maanmittauslaitos.fi/en/maps-and-spatial-data/datasets-and-interfaces/product-descriptions/topographic-database
buildings,A,80,OS OpenMap Local buildings,Ordnance Survey,N,Great Britain,vector,1:10k,2026,OGL,Y,dl,ok,206,NOT-GLOBAL,-,https://www.ordnancesurvey.co.uk/products/os-open-map-local
buildings,A,80,PLATEAU 3D city models,MLIT Japan,N,Japan (200+ cities),3D vector,LoD1-LoD3,2025,CC-BY 4.0 (most),Y,dl,ok,206,NOT-GLOBAL,-,https://www.mlit.go.jp/plateau/open-data/
buildings,A,80,RUIAN buildings,CUZK,N,Czechia,vector,cadastre,2026,CC-BY 4.0,Y,dl,ok,200,NOT-GLOBAL,-,https://nahlizenidokn.cuzk.cz/StahniAdresniMistaRUIAN.aspx
buildings,A,80,Singapore OneMap 3D / HDB,SLA Singapore,N,Singapore,3D vector,LoD1,2024,Singapore Open Data Licence,Y,dl,ok,206,NOT-GLOBAL,-,https://www.onemap.gov.sg/
buildings,A,80,basemap.at buildings,basemap.at (Austrian states),N,Austria,vector,1:5k,2025,CC-BY 4.0,Y,dl,ok,200,NOT-GLOBAL,-,https://basemap.at/
buildings,A,80,swissBUILDINGS3D 3.0,swisstopo,N,Switzerland,3D vector,LoD2,2025,OGD swisstopo,Y,dl,ok,200,NOT-GLOBAL,-,https://www.swisstopo.admin.ch/en/landscape-model-swissbuildings3d-3-0-beta
buildings,B,77,Catastro INSPIRE buildings,Direccion General del Catastro,N,Spain (excl. Basque/Navarra),vector,cadastre,2026,Open (attribution),Y,dl,reachable_restricted,403,NOT-GLOBAL,-,https://www.catastro.hacienda.gob.es/webinspire/index.html
buildings,B,77,Copernicus HRL Imperviousness,EEA/Copernicus,C,EEA-39,raster,10 m,2021,Copernicus free,Y,dl,ok,206,,-,https://land.copernicus.eu/en/products/high-resolution-layer-imperviousness
buildings,B,77,Open Cities AI Challenge (training),GFDRR/World Bank,C,Africa cities,vector labels,imagery,2020,CC-BY 4.0,Y,dl,ok,200,,-,https://www.drivendata.org/competitions/60/building-segmentation-disaster-resilience/
buildings,B,75,GRID3 Nigeria settlement / building data,GRID3,N,Nigeria,vector,ML,2023,CC-BY 4.0,Y,dl,ok,200,NOT-GLOBAL,-,https://data.grid3.org/
buildings,B,74,ALKIS NRW open data,Geobasis NRW,S,North Rhine-Westphalia,vector,cadastre,2026,DL-DE Zero 2.0,Y,dl,ok,206,NOT-GLOBAL,-,https://www.opengeodata.nrw.de/produkte/
buildings,B,74,Bayern open data buildings,LDBV Bayern,S,Bavaria,vector,cadastre,2025,CC-BY 4.0,Y,dl,ok,206,NOT-GLOBAL,-,https://geodaten.bayern.de/opengeodata/
buildings,B,74,Berlin ALKIS buildings,Geoportal Berlin,S,Berlin,vector,cadastre,2026,DL-DE Zero 2.0,Y,dl,ok,206,NOT-GLOBAL,-,https://gdi.berlin.de/
buildings,B,74,Brandenburg open geodata,LGB,S,Brandenburg,vector,cadastre,2025,DL-DE BY 2.0,Y,dl,ok,200,NOT-GLOBAL,-,https://geobroker.geobasis-bb.de/
buildings,B,74,Buenos Aires datos abiertos edificios,GCBA,S,Buenos Aires,vector,cadastre,2025,CC-BY 2.5 AR,Y,dl,ok,206,NOT-GLOBAL,-,https://data.buenosaires.gob.ar/
buildings,B,74,Cape Town building footprints,City of Cape Town,S,Cape Town,vector,survey,2024,Open,Y,dl,ok,200,NOT-GLOBAL,-,https://odp-cctegis.opendata.arcgis.com/
buildings,B,74,Chicago building footprints,City of Chicago,S,Chicago,vector,survey,2025,Public domain,Y,dl,ok,200,NOT-GLOBAL,-,https://data.cityofchicago.org/
buildings,B,74,City of Melbourne 3D massing,City of Melbourne,S,Melbourne,3D vector,LoD1,2024,CC-BY 4.0,Y,dl,ok,200,NOT-GLOBAL,-,https://data.melbourne.vic.gov.au/
buildings,B,74,GeoSampa edificacoes,Prefeitura de Sao Paulo,S,Sao Paulo,vector,survey,2025,Open,Y,dl,ok,200,NOT-GLOBAL,-,https://geosampa.prefeitura.sp.gov.br/
buildings,B,74,Geoportale Lombardia DBT,Regione Lombardia,S,Lombardy,vector,1:5k,2024,CC-BY 4.0,Y,dl,ok,200,NOT-GLOBAL,-,https://www.geoportale.regione.lombardia.it/
buildings,B,74,Hong Kong 3D spatial data,Lands Department HK,S,Hong Kong,3D vector,LoD2,2025,Open,Y,dl,ok,206,NOT-GLOBAL,-,https://3d.map.gov.hk/
buildings,B,74,IDECA Bogota construcciones,IDECA,S,Bogota,vector,cadastre,2025,CC-BY 4.0,Y,dl,ok,200,NOT-GLOBAL,-,https://www.ideca.gov.co/
buildings,B,74,LA County building outlines,LA County,S,Los Angeles County,vector,LiDAR,2024,Public domain,Y,dl,ok,200,NOT-GLOBAL,-,https://egis-lacounty.hub.arcgis.com/
buildings,B,74,NYC building footprints,NYC DoITT,S,New York City,vector,survey,2026,Public domain,Y,dl,ok,200,NOT-GLOBAL,-,https://data.cityofnewyork.us/Housing-Development/Building-Footprints/5zhs-2jue
buildings,B,74,PICC Wallonie,SPW,S,Wallonia,vector,1:1k,2025,Open,Y,dl,ok,200,NOT-GLOBAL,-,https://geoportail.wallonie.be/
buildings,B,74,Rotterdam 3D,Gemeente Rotterdam,S,Rotterdam,3D vector,LoD2,2024,CC0,Y,dl,ok,206,NOT-GLOBAL,-,https://www.3drotterdam.nl/
buildings,B,74,Sachsen open geodata,GeoSN,S,Saxony,vector,cadastre,2025,DL-DE BY 2.0,Y,dl,ok,206,NOT-GLOBAL,-,https://www.geodaten.sachsen.de/
buildings,B,74,San Francisco building footprints,DataSF,S,San Francisco,vector,LiDAR,2025,PDDL,Y,dl,ok,200,NOT-GLOBAL,-,https://data.sfgov.org/
buildings,B,74,Thueringen open geodata,TLBG,S,Thuringia,vector,cadastre,2025,DL-DE BY 2.0,Y,dl,ok,200,NOT-GLOBAL,-,https://geoportal.thueringen.de/
buildings,B,74,Toronto 3D massing,City of Toronto,S,Toronto,3D vector,LoD1,2024,OGL Toronto,Y,dl,ok,200,NOT-GLOBAL,-,https://open.toronto.ca/dataset/3d-massing/
buildings,B,74,UrbIS Brussels,Paradigm Brussels,S,Brussels,vector,1:1k,2025,CC-BY 4.0,Y,dl,ok,206,NOT-GLOBAL,-,https://datastore.brussels/
buildings,B,74,Vienna building model,Stadt Wien,S,Vienna,3D vector,LoD2,2024,CC-BY 4.0,Y,dl,ok,206,NOT-GLOBAL,-,https://www.data.gv.at/
buildings,B,74,Zurich 3D buildings,Stadt Zurich,S,Zurich,3D vector,LoD2,2024,CC0,Y,dl,ok,206,NOT-GLOBAL,-,https://www.stadt-zuerich.ch/geodaten/
buildings,B,72,CBRA China Building Rooftop Area,Liu et al. (ESSD 2023),N,China,raster,2.5 m,2023,CC-BY 4.0,Y,dl,reachable_restricted,403,NOT-GLOBAL,-,https://doi.org/10.5281/zenodo.7500612
buildings,B,72,GeoDanmark buildings / BBR,SDFI,N,Denmark,vector,1:1k,2026,Open,Y,reg,ok,206,NOT-GLOBAL,-,https://dataforsyningen.dk/
buildings,B,72,Lantmateriet byggnader,Lantmateriet,N,Sweden,vector,1:10k,2025,CC0 (open geodata),Y,reg,ok,200,NOT-GLOBAL,-,https://www.lantmateriet.se/sv/geodata/vara-produkter/
buildings,B,71,Hamburg ALKIS buildings,LGV Hamburg,S,Hamburg,vector,cadastre,2026,DL-DE BY 2.0,Y,dl,reachable_restricted,429,NOT-GLOBAL,-,https://metaver.de/
buildings,B,71,Helsinki 3D city model,City of Helsinki,S,Helsinki,3D vector,LoD2,2024,CC-BY 4.0,Y,dl,reachable_restricted,403,NOT-GLOBAL,-,https://hri.fi/
buildings,B,71,Lisboa Aberta edificios,Camara Municipal de Lisboa,S,Lisbon,vector,survey,2024,CC-BY 4.0,Y,dl,reachable_restricted,403,NOT-GLOBAL,-,https://dados.cm-lisboa.pt/
buildings,B,70,Cadastre Etalab (batiments),DGFiP/Etalab,N,France,vector,cadastre,2026,Etalab 2.0,Y,dl,error,curl: (35) Recv failure: Connection reset by peer,NOT-GLOBAL,-,https://cadastre.data.gouv.fr/
buildings,B,70,Ecopia building footprints,Ecopia AI,G,World (paid),vector,imagery ML,2025,Commercial,P,com,ok,200,PAID,-,https://www.ecopiatech.com/
buildings,B,70,Planet building change,Planet,G,World (paid),raster,3 m,2025,Commercial,P,com,ok,206,PAID,-,https://www.planet.com/
buildings,B,70,Vantor (Maxar) building footprints,Vantor/Maxar,G,World (paid),vector,imagery,2025,Commercial,P,com,ok,206,PAID,-,https://www.maxar.com/
buildings,B,70,ZBGIS buildings,UGKK SR,N,Slovakia,vector,1:10k,2025,Open,Y,dl,error,curl: (60) SSL: no alternative certificate subject name matches target host name,NOT-GLOBAL,-,https://www.geoportal.sk/
buildings,B,69,Bengaluru building footprints (OpenCity),OpenCity India,S,Bengaluru,vector,survey,2023,ODbL,Y,dl,ok,200,SHARE-ALIKE;NOT-GLOBAL,-,https://data.opencity.in/
buildings,B,69,Boston buildings 3D,City of Boston/BPDA,S,Boston,3D vector,LoD1,2023,Public domain,Y,dl,ok,200,NOT-GLOBAL,-,https://data.boston.gov/
buildings,B,69,Copernicus Urban Atlas,EEA/Copernicus,C,Europe FUAs,vector,1:10k,2021,Copernicus free,Y,reg,ok,206,,-,https://land.copernicus.eu/en/products/urban-atlas
buildings,B,69,Montreal 3D buildings,Ville de Montreal,S,Montreal,3D vector,LoD2,2023,CC-BY 4.0,Y,dl,ok,200,NOT-GLOBAL,-,https://donnees.montreal.ca/
buildings,B,67,GSI basic map buildings,GSI Japan,N,Japan,vector,1:2.5k,2025,GSI terms,Y,reg,blocked_here,000,NOT-GLOBAL,-,https://fgd.gsi.go.jp/download/
buildings,B,67,Korea building GIS (V-World),MOLIT Korea,N,South Korea,vector,cadastre,2025,KOGL,Y,api,error,"curl: (56) Connection died, tried 5 times before giving up",NOT-GLOBAL,-,https://www.vworld.kr/
buildings,B,67,StatCan Open Database of Buildings,Statistics Canada,N,Canada,vector,municipal,2023,Open Government Licence,Y,dl,server_error,500,NOT-GLOBAL,-,https://www.statcan.gc.ca/en/lode/databases/odb
buildings,B,66,Microsoft Australia Building Footprints,Microsoft,N,Australia,vector,ML,2020,ODbL,Y,dl,reachable_restricted,403,SHARE-ALIKE;NOT-GLOBAL,-,https://github.com/microsoft/AustraliaBuildingFootprints
buildings,B,66,Microsoft Canadian Building Footprints,Microsoft,N,Canada,vector,ML,2019,ODbL,Y,dl,reachable_restricted,403,SHARE-ALIKE;NOT-GLOBAL,-,https://github.com/microsoft/CanadianBuildingFootprints
buildings,B,66,Microsoft US Building Footprints,Microsoft,N,USA,vector,ML,2018,ODbL,Y,dl,reachable_restricted,403,SHARE-ALIKE;NOT-GLOBAL,-,https://github.com/microsoft/USBuildingFootprints
buildings,B,66,Open City Model (US),BuildZero.org,N,USA,3D vector,LoD1,2020,ODbL,Y,dl,reachable_restricted,403,SHARE-ALIKE;NOT-GLOBAL,-,https://github.com/opencitymodel/opencitymodel
buildings,B,65,Global Urban Footprint,DLR,G,World,raster,12 m,2016,Research/free,R,reg,ok,206,STALE<2018,-,https://www.dlr.de/en/eoc/research-transfer/projects-missions/global-urban-footprint
buildings,B,64,GRB Vlaanderen,Digitaal Vlaanderen,S,Flanders,vector,1:250,2026,Modellicentie gratis,Y,dl,broken_link,404,NOT-GLOBAL;URL-BROKEN,-,https://www.vlaanderen.be/digitaal-vlaanderen/onze-oplossingen/geografische-webdiensten-en-applicaties/grb
buildings,B,63,SpaceNet buildings (training labels),SpaceNet/AWS,S,multiple cities,vector,labels,2021,CC-BY-SA 4.0,Y,dl,ok,200,SHARE-ALIKE;NOT-GLOBAL,-,https://spacenet.ai/datasets/
buildings,B,62,Taiwan 3D building models,MOI Taiwan,N,Taiwan,3D vector,LoD1-2,2024,OGDL Taiwan,Y,reg,error,"curl: (60) SSL certificate problem: unable to get local issuer certificate
More ",NOT-GLOBAL,-,https://3dmaps.nlsc.gov.tw/
buildings,C,56,ALKIS Hausumringe (BKG),BKG / AdV,N,Germany,vector,cadastre,2025,Commercial (some states open),R,com,ok,200,NOT-GLOBAL,-,https://gdz.bkg.bund.de/
buildings,C,50,Geoscape Buildings,Geoscape Australia,N,Australia,vector,imagery,2025,Commercial,P,com,ok,200,PAID;NOT-GLOBAL,-,https://geoscape.com.au/data/buildings/
buildings,C,50,Ireland GeoDirectory buildings,An Post/Tailte,N,Ireland,points,address,2025,Commercial,P,com,ok,200,PAID;NOT-GLOBAL,-,https://www.geodirectory.ie/
buildings,C,50,OS MasterMap Topography,Ordnance Survey,N,Great Britain,vector,1:1.25k,2026,Commercial,P,com,ok,206,PAID;NOT-GLOBAL,-,https://www.ordnancesurvey.co.uk/products/os-mastermap-topography-layer
buildings,C,46,WHU building dataset (training),Wuhan University,S,Christchurch+,raster labels,0.3 m,2019,Research,N,dl,reachable_restricted,403,NON-COMMERCIAL;NOT-GLOBAL,-,http://gpcv.whu.edu.cn/data/building_dataset.html
buildings,C,41,xView2 xBD (training),DIU/CMU,S,disaster areas,vector,labels,2019,CC-BY-NC-SA 4.0,N,reg,ok,206,NON-COMMERCIAL;SHARE-ALIKE;NOT-GLOBAL,-,https://xview2.org/
buildings,C,36,Kigali city master plan buildings,City of Kigali,S,Kigali,vector,survey,2020,Restricted,R,req,ok,200,NOT-GLOBAL,-,https://www.kigalicity.gov.rw/
buildings,C,35,Inria Aerial Image Labeling (training),Inria,S,10 cities,raster labels,30 cm,2017,Research,N,reg,ok,200,NON-COMMERCIAL;STALE<2018;NOT-GLOBAL,-,https://project.inria.fr/aerialimagelabeling/
building_heights,A,100,Copernicus DEM GLO-30 (DSM for nDSM),ESA/Airbus,G,World,raster DSM,30 m,2024,Copernicus DEM licence,Y,dl,ok,200,,-,https://dataspace.copernicus.eu/explore-data/data-collections/copernicus-contributing-missions/collections-description/COP-DEM
building_heights,A,100,Google Open Buildings 2.5D Temporal (heights),Google Research,G,Global South,raster,"4 m, 2016-2023",2024,CC-BY 4.0,Y,dl,ok,200,,-,https://sites.research.google/gr/open-buildings/temporal/
building_heights,A,100,OpenStreetMap height / building:levels,OpenStreetMap Foundation,G,World (sparse),vector attr,survey,2026,ODbL,Y,dl,ok,200,SHARE-ALIKE,-,https://wiki.openstreetmap.org/wiki/Key:height
building_heights,A,100,Overture building parts (heights),Overture Maps Foundation,G,World (sparse),vector,OSM-derived,2026,ODbL,Y,dl,ok,206,SHARE-ALIKE,-,https://docs.overturemaps.org/schema/reference/buildings/building_part/
building_heights,A,100,Overture buildings height/num_floors,Overture Maps Foundation,G,World (sparse),vector attr,OSM-derived,2026,ODbL,Y,dl,ok,206,SHARE-ALIKE,-,https://docs.overturemaps.org/guides/buildings/
building_heights,A,100,UT-GLOBUS heights,UT Austin,G,"1,200+ cities",vector heights,ML,2024,CC-BY 4.0,Y,dl,ok,200,,-,https://www.nature.com/articles/s41597-024-03719-w
building_heights,A,97,3D-GloBFP heights,Che et al. (ESSD 2024),G,World,vector heights,ML,2024,CC-BY 4.0,Y,dl,reachable_restricted,403,,-,https://doi.org/10.5281/zenodo.11319913
building_heights,A,97,Microsoft building heights (subset),Microsoft,G,Selected regions,vector attr,ML,2024,ODbL,Y,dl,reachable_restricted,403,SHARE-ALIKE,-,https://github.com/microsoft/GlobalMLBuildingFootprints
building_heights,A,95,GHS-BUILT-H (average net height),EC JRC GHSL,G,World,raster,100 m,2023,CC-BY 4.0,Y,dl,ok,200,,-,https://human-settlement.emergency.copernicus.eu/download.php
building_heights,A,95,GHS-BUILT-V (built volume),EC JRC GHSL,G,World,raster,100 m,2023,CC-BY 4.0,Y,dl,ok,200,,-,https://human-settlement.emergency.copernicus.eu/download.php
building_heights,A,95,World Settlement Footprint 3D,DLR,G,World,raster,90 m,2022,CC-BY 4.0,Y,dl,ok,200,,-,https://geoservice.dlr.de/web/maps/eoc:wsf3d
building_heights,A,92,GEDI L2A relative height,NASA/UMD,G,51.6N-51.6S,points,25 m footprint,2025,NASA open,Y,reg,ok,200,,-,https://lpdaac.usgs.gov/products/gedi02_av002/
building_heights,A,92,Global building height 150 m (Ma et al. 2023),Ma et al.,G,World,raster,150 m,2023,CC-BY 4.0,Y,dl,reachable_restricted,403,,-,https://doi.org/10.5281/zenodo.7923866
building_heights,A,92,ICESat-2 ATL03/ATL08,NASA,G,World,points,photon,2026,NASA open,Y,reg,ok,200,,-,https://nsidc.org/data/icesat-2
building_heights,A,92,OpenTopography lidar collections,OpenTopography,G,Various,point cloud,0.5-2 m,2026,Various open,Y,reg,ok,200,,-,https://opentopography.org/
building_heights,A,87,Cesium OSM Buildings,Cesium,G,World,3D tiles,OSM-derived,2025,ODbL (via Cesium ion),R,api,ok,206,SHARE-ALIKE,-,https://cesium.com/platform/cesium-ion/content/cesium-osm-buildings/
building_heights,A,87,Esri 3D buildings (Living Atlas),Esri,G,Various cities,3D vector,LoD1-2,2025,Esri terms,R,api,ok,206,,-,https://livingatlas.arcgis.com/
building_heights,A,87,Mapillary point clouds (SfM),Meta/Mapillary,G,World (sparse),point cloud,street imagery,2026,CC-BY-SA 4.0,Y,api,error,400,SHARE-ALIKE,-,https://www.mapillary.com/developer
building_heights,A,86,GlobalBuildingAtlas LoD1 (GBA.LoD1),TUM (Zhu et al.),G,World,vector heights,"3 m, RMSE 1.5-8.9 m",2025,CC-BY-NC 4.0,N,dl,ok,200,NON-COMMERCIAL,-,https://huggingface.co/datasets/zhu-xlab/GBA.LoD1
building_heights,A,86,GlobalBuildingAtlas height maps (GBA.Height),TUM (Zhu et al.),G,World,raster,3 m,2025,CC-BY-NC 4.0,N,dl,ok,200,NON-COMMERCIAL,-,https://mediatum.ub.tum.de/1782307
building_heights,A,85,EUBUCCO height inference baseline,KIT/TUB,C,Europe,model,ML,2024,MIT/CC-BY,Y,dl,reachable_restricted,403,,-,https://github.com/ai4up/eubucco
building_heights,A,85,Global 3D building structure 1 km (Li et al. 2022),Li et al.,G,World,raster,1 km,2022,CC-BY 4.0,Y,dl,broken_link,404,URL-BROKEN,-,https://doi.org/10.6084/m9.figshare.c.5767484
building_heights,A,83,Building heights GHSL 2018 10 m Europe (GHS-BUILT-H R2023 10 m),EC JRC GHSL,C,Europe,raster,10 m,2023,CC-BY 4.0,Y,dl,ok,200,,-,https://human-settlement.emergency.copernicus.eu/ghs_buH2023.php
building_heights,A,83,EUBUCCO heights,KIT/TUB,C,EU-27 + CH,vector attr,official,2023,ODbL/mixed,Y,dl,ok,200,SHARE-ALIKE,-,https://eubucco.com/
building_heights,A,81,Google Photorealistic 3D Tiles,Google,G,"2,500+ cities",3D mesh,cm-level,2026,Commercial (display only),P,api,ok,200,PAID,-,https://developers.google.com/maps/documentation/tile/3d-tiles
building_heights,A,80,3DBAG,TU Delft 3D geoinformation,N,Netherlands,3D vector,LoD1.2-2.2,2025,CC-BY 4.0,Y,dl,ok,206,NOT-GLOBAL,-,https://3dbag.nl/
building_heights,A,80,AHN4/AHN5 lidar,Rijkswaterstaat,N,Netherlands,point cloud/DSM,0.5 m,2025,CC0,Y,dl,ok,200,NOT-GLOBAL,-,https://www.ahn.nl/
building_heights,A,80,CMAB heights,Zhang et al. (2024),N,China,vector attr,ML,2024,CC-BY 4.0,Y,dl,ok,202,NOT-GLOBAL,-,https://doi.org/10.6084/m9.figshare.27992417
building_heights,A,80,Czech DMP1G / 3D buildings,CUZK,N,Czechia,raster DSM,1 m,2025,CC-BY 4.0,Y,dl,ok,200,NOT-GLOBAL,-,https://geoportal.cuzk.cz/
building_heights,A,80,Estonia lidar,Estonian Land Board,N,Estonia,point cloud,1 m,2025,Open,Y,dl,ok,200,NOT-GLOBAL,-,https://geoportaal.maaamet.ee/
building_heights,A,80,Geoscience Australia ELVIS lidar,ICSM/GA,N,Australia (partial),point cloud/DSM,1 m,2025,CC-BY 4.0,Y,dl,ok,206,NOT-GLOBAL,-,https://elevation.fsdf.org.au/
building_heights,A,80,IGN BD TOPO building heights,IGN France,N,France,vector attr,photogrammetry,2026,Etalab 2.0,Y,dl,ok,206,NOT-GLOBAL,-,https://geoservices.ign.fr/bdtopo
building_heights,A,80,IGN LiDAR HD,IGN France,N,France,point cloud,10 pts/m2,2026,Etalab 2.0,Y,dl,ok,206,NOT-GLOBAL,-,https://geoservices.ign.fr/lidarhd
building_heights,A,80,LINZ lidar DSM,LINZ,N,New Zealand,raster DSM,1 m,2025,CC-BY 4.0,Y,dl,ok,200,NOT-GLOBAL,-,https://data.linz.govt.nz/
building_heights,A,80,MML laser scanning,National Land Survey Finland,N,Finland,point cloud,5 pts/m2,2025,CC-BY 4.0,Y,dl,ok,200,NOT-GLOBAL,-,https://www.maanmittauslaitos.fi/en/maps-and-spatial-data/datasets-and-interfaces/product-descriptions/laser-scanning-data-5-p
building_heights,A,80,NOAA Digital Coast lidar,NOAA,N,US coasts,point cloud,varies,2025,Public domain,Y,dl,ok,206,NOT-GLOBAL,-,https://coast.noaa.gov/digitalcoast/
building_heights,A,80,NRCan HRDEM / HRDSM,NRCan,N,Canada (partial),raster DSM,1-2 m,2024,Open Government Licence,Y,dl,ok,200,NOT-GLOBAL,-,https://open.canada.ca/data/en/dataset/957782bf-847c-4644-a757-e383c0057995
building_heights,A,80,PLATEAU building heights,MLIT Japan,N,Japan (200+ cities),3D vector,LoD1-LoD3,2025,CC-BY 4.0 (most),Y,dl,ok,206,NOT-GLOBAL,-,https://www.mlit.go.jp/plateau/open-data/
building_heights,A,80,Poland NMPT / lidar,GUGiK,N,Poland,point cloud/DSM,0.5-1 m,2025,Open,Y,dl,ok,200,NOT-GLOBAL,-,https://www.geoportal.gov.pl/
building_heights,A,80,Singapore 3D (OneMap3D / CityGML),SLA Singapore,N,Singapore,3D vector,LoD1-2,2024,Singapore Open Data Licence,Y,dl,ok,206,NOT-GLOBAL,-,https://www.onemap.gov.sg/
building_heights,A,80,UK EA LiDAR composite DSM,Environment Agency,N,England,raster DSM,1 m,2024,OGL,Y,dl,ok,200,NOT-GLOBAL,-,https://environment.data.gov.uk/survey
building_heights,A,80,USGS 3DEP lidar,USGS,N,USA,point cloud,QL2 (2 pts/m2),2026,Public domain,Y,dl,ok,206,NOT-GLOBAL,-,https://www.usgs.gov/3d-elevation-program
building_heights,A,80,swissBUILDINGS3D 3.0 heights,swisstopo,N,Switzerland,3D vector,LoD2,2025,OGD swisstopo,Y,dl,ok,200,NOT-GLOBAL,-,https://www.swisstopo.admin.ch/en/landscape-model-swissbuildings3d-3-0-beta
building_heights,A,80,swissSURFACE3D,swisstopo,N,Switzerland,point cloud/DSM,0.5 m,2025,OGD swisstopo,Y,dl,ok,200,NOT-GLOBAL,-,https://www.swisstopo.admin.ch/en/height-model-swisssurface3d
building_heights,B,77,Catastro building floors,Direccion General del Catastro,N,Spain,vector attr,cadastre,2026,Open (attribution),Y,dl,reachable_restricted,403,NOT-GLOBAL,-,https://www.catastro.hacienda.gob.es/webinspire/index.html
building_heights,B,77,Global building height from Sentinel-1 (Li et al. 2020),Li et al.,C,"USA, Europe, China",raster,500 m,2020,CC-BY 4.0,Y,dl,ok,200,,-,https://doi.org/10.1016/j.rse.2020.111705
building_heights,B,77,Hoydedata Norway,Kartverket,N,Norway,point cloud/DSM,1 m,2025,CC-BY 4.0,Y,dl,reachable_restricted,403,NOT-GLOBAL,-,https://hoydedata.no/
building_heights,B,77,PNOA LiDAR,IGN Spain/CNIG,N,Spain,point cloud,0.5-2 pts/m2,2025,CC-BY 4.0,Y,dl,reachable_restricted,403,NOT-GLOBAL,-,https://centrodedescargas.cnig.es/
building_heights,B,74,Austria ALS (Vienna/Tirol),Austrian states,S,Austria (states),raster DSM,1 m,2024,CC-BY 4.0,Y,dl,ok,206,NOT-GLOBAL,-,https://www.data.gv.at/
building_heights,B,74,Baden-Wuerttemberg LoD2,LGL BW,S,Baden-Wuerttemberg,3D vector,LoD2,2025,DL-DE BY 2.0,Y,dl,ok,206,NOT-GLOBAL,-,https://opengeodata.lgl-bw.de/
building_heights,B,74,Bayern LoD2,LDBV Bayern,S,Bavaria,3D vector,LoD2,2025,CC-BY 4.0,Y,dl,ok,206,NOT-GLOBAL,-,https://geodaten.bayern.de/opengeodata/OpenDataDetail.html?pn=lod2
building_heights,B,74,Brandenburg LoD2,LGB,S,Brandenburg,3D vector,LoD2,2025,DL-DE BY 2.0,Y,dl,ok,200,NOT-GLOBAL,-,https://geobroker.geobasis-bb.de/
building_heights,B,74,City of Melbourne 3D heights,City of Melbourne,S,Melbourne,3D vector,LoD1,2024,CC-BY 4.0,Y,dl,ok,200,NOT-GLOBAL,-,https://data.melbourne.vic.gov.au/
building_heights,B,74,Germany LoD2 open (NRW),Geobasis NRW,S,North Rhine-Westphalia,3D vector,LoD2,2026,DL-DE Zero 2.0,Y,dl,ok,206,NOT-GLOBAL,-,https://www.opengeodata.nrw.de/produkte/geobasis/3dg/
building_heights,B,74,Hessen LoD2,HVBG,S,Hesse,3D vector,LoD2,2025,DL-DE Zero 2.0,Y,dl,ok,206,NOT-GLOBAL,-,https://gds.hessen.de/
building_heights,B,74,Hong Kong 3D heights,Lands Department HK,S,Hong Kong,3D vector,LoD2,2025,Open,Y,dl,ok,206,NOT-GLOBAL,-,https://3d.map.gov.hk/
building_heights,B,74,LA County building heights,LA County,S,Los Angeles County,vector attr,LiDAR,2024,Public domain,Y,dl,ok,200,NOT-GLOBAL,-,https://egis-lacounty.hub.arcgis.com/
building_heights,B,74,NYC 3D building model,NYC DoITT,S,New York City,3D vector,LoD2,2024,Public domain,Y,dl,ok,200,NOT-GLOBAL,-,https://www.nyc.gov/content/planning/pages/resources/datasets/nyc-3d-model
building_heights,B,74,NYC building footprints height_roof,NYC DoITT,S,New York City,vector attr,LiDAR,2026,Public domain,Y,dl,ok,200,NOT-GLOBAL,-,https://data.cityofnewyork.us/Housing-Development/Building-Footprints/5zhs-2jue
building_heights,B,74,Sachsen LoD2,GeoSN,S,Saxony,3D vector,LoD2,2025,DL-DE BY 2.0,Y,dl,ok,206,NOT-GLOBAL,-,https://www.geodaten.sachsen.de/
building_heights,B,74,Scottish Remote Sensing Portal lidar,Scottish Government,S,Scotland,point cloud,1 m,2024,OGL,Y,dl,ok,206,NOT-GLOBAL,-,https://remotesensingdata.gov.scot/
building_heights,B,74,Thueringen LoD2,TLBG,S,Thuringia,3D vector,LoD2,2025,DL-DE BY 2.0,Y,dl,ok,200,NOT-GLOBAL,-,https://geoportal.thueringen.de/
building_heights,B,74,Toronto 3D massing heights,City of Toronto,S,Toronto,3D vector,LoD1,2024,OGL Toronto,Y,dl,ok,200,NOT-GLOBAL,-,https://open.toronto.ca/dataset/3d-massing/
building_heights,B,74,Vienna building model heights,Stadt Wien,S,Vienna,3D vector,LoD2,2024,CC-BY 4.0,Y,dl,ok,206,NOT-GLOBAL,-,https://www.data.gv.at/
building_heights,B,74,Wales lidar (DataMapWales),Welsh Government,S,Wales,raster DSM,1 m,2024,OGL,Y,dl,ok,200,NOT-GLOBAL,-,https://datamap.gov.wales/
building_heights,B,74,Zurich 3D heights,Stadt Zurich,S,Zurich,3D vector,LoD2,2024,CC0,Y,dl,ok,206,NOT-GLOBAL,-,https://www.stadt-zuerich.ch/geodaten/
building_heights,B,72,CNBH-10m China building height,Wu et al. (2023),N,China,raster,10 m,2023,CC-BY 4.0,Y,dl,reachable_restricted,403,NOT-GLOBAL,-,https://doi.org/10.5281/zenodo.7827315
building_heights,B,72,Denmark DHM / GeoDanmark heights,SDFI,N,Denmark,point cloud/DSM,0.4 m,2025,Open,Y,reg,ok,206,NOT-GLOBAL,-,https://dataforsyningen.dk/
building_heights,B,72,Lantmateriet laser data,Lantmateriet,N,Sweden,point cloud,1-2 pts/m2,2025,CC0,Y,reg,ok,200,NOT-GLOBAL,-,https://www.lantmateriet.se/sv/geodata/vara-produkter/produktlista/laserdata-nedladdning-skog/
building_heights,B,71,Hamburg LoD2,LGV Hamburg,S,Hamburg,3D vector,LoD2,2025,DL-DE BY 2.0,Y,dl,reachable_restricted,429,NOT-GLOBAL,-,https://metaver.de/
building_heights,B,71,Helsinki 3D heights,City of Helsinki,S,Helsinki,3D vector,LoD2,2024,CC-BY 4.0,Y,dl,reachable_restricted,403,NOT-GLOBAL,-,https://hri.fi/
building_heights,B,70,AW3D Enhanced / 2.5 m DSM,NTT Data/RESTEC,G,World (paid),raster DSM,0.5-2.5 m,2025,Commercial,P,com,ok,200,PAID,-,https://www.aw3d.jp/en/
building_heights,B,70,Airbus WorldDEM Neo,Airbus,G,World (paid),raster DSM,5 m,2025,Commercial,P,com,ok,200,PAID,-,https://www.intelligence-airbusds.com/worlddem-neo/
building_heights,B,70,Ecopia 3D buildings,Ecopia AI,G,World (paid),vector heights,imagery,2025,Commercial,P,com,ok,200,PAID,-,https://www.ecopiatech.com/
building_heights,B,70,Slovakia DMR/DMP lidar,UGKK SR,N,Slovakia,point cloud,1 m,2025,Open,Y,dl,error,curl: (60) SSL: no alternative certificate subject name matches target host name,NOT-GLOBAL,-,https://www.geoportal.sk/
building_heights,B,70,Vantor Precision3D,Vantor/Maxar,G,World (paid),3D mesh/DSM,50 cm,2025,Commercial,P,com,ok,206,PAID,-,https://www.maxar.com/precision3d
building_heights,B,69,Boston 3D buildings heights,City of Boston,S,Boston,3D vector,LoD1,2023,Public domain,Y,dl,ok,200,NOT-GLOBAL,-,https://data.boston.gov/
building_heights,B,69,Luxembourg lidar 2019,ACT Luxembourg,N,Luxembourg,point cloud,0.5 m,2019,CC0,Y,dl,ok,200,NOT-GLOBAL,-,https://data.public.lu/
building_heights,B,69,Montreal 3D buildings heights,Ville de Montreal,S,Montreal,3D vector,LoD2,2023,CC-BY 4.0,Y,dl,ok,200,NOT-GLOBAL,-,https://donnees.montreal.ca/
building_heights,B,69,Wallonia lidar 2021-2022,SPW,S,Wallonia,point cloud,1 m,2022,Open,Y,dl,ok,200,NOT-GLOBAL,-,https://geoportail.wallonie.be/
building_heights,B,67,GSI Japan DSM / 3D,GSI Japan,N,Japan,raster,5 m,2025,GSI terms,Y,reg,blocked_here,000,NOT-GLOBAL,-,https://fgd.gsi.go.jp/download/
building_heights,B,67,Israel lidar / MAPI 3D,Survey of Israel,N,Israel,3D,photogrammetry,2024,Restricted,R,api,ok,206,NOT-GLOBAL,-,https://www.govmap.gov.il/
building_heights,B,67,Korea V-World 3D buildings,MOLIT Korea,N,South Korea,3D vector,LoD1-3,2025,KOGL,Y,api,error,"curl: (56) Connection died, tried 5 times before giving up",NOT-GLOBAL,-,https://www.vworld.kr/
building_heights,B,66,China 3D buildings 77 cities (Huang),Huang et al.,S,China cities,vector heights,ML,2022,CC-BY 4.0,Y,dl,reachable_restricted,403,NOT-GLOBAL,-,https://doi.org/10.5281/zenodo.6556417
building_heights,B,66,Germany building height 10 m (Frantz et al.),Frantz et al. (2021),N,Germany,raster,10 m,2021,CC-BY 4.0,Y,dl,reachable_restricted,403,NOT-GLOBAL,-,https://doi.org/10.5281/zenodo.4066295
building_heights,B,66,Open City Model heights,BuildZero.org,N,USA,3D vector,LoD1,2020,ODbL,Y,dl,reachable_restricted,403,SHARE-ALIKE;NOT-GLOBAL,-,https://github.com/opencitymodel/opencitymodel
building_heights,B,64,Berlin LoD2,Geoportal Berlin,S,Berlin,3D vector,LoD2,2025,DL-DE Zero 2.0,Y,dl,broken_link,404,NOT-GLOBAL;URL-BROKEN,-,https://www.berlin.de/sen/sbw/stadtdaten/stadtwissen/3d-stadtmodell/
building_heights,B,63,Copernicus Urban Atlas Building Height,EEA/Copernicus,C,EU capitals,raster,10 m,2012,Copernicus free,Y,reg,ok,206,STALE<2018,-,https://land.copernicus.eu/en/products/urban-atlas/building-height-2012
building_heights,B,63,Slovenia lidar (eVode),ARSO/GURS,N,Slovenia,point cloud,1 m,2015,CC-BY 4.0,Y,dl,ok,206,STALE<2018;NOT-GLOBAL,-,https://www.e-prostor.gov.si/
building_heights,B,62,Taiwan 3D building heights,MOI Taiwan,N,Taiwan,3D vector,LoD1-2,2024,OGDL Taiwan,Y,reg,error,"curl: (60) SSL certificate problem: unable to get local issuer certificate
More ",NOT-GLOBAL,-,https://3dmaps.nlsc.gov.tw/
building_heights,B,60,INEGI lidar DSM,INEGI,N,Mexico (partial),raster DSM,5 m,2015,INEGI libre uso,Y,dl,reachable_restricted,403,STALE<2018;NOT-GLOBAL,-,https://www.inegi.org.mx/temas/relieve/
building_heights,C,57,Flanders DHMV II lidar,Digitaal Vlaanderen,S,Flanders,point cloud/DSM,1 m,2015,Modellicentie gratis,Y,dl,ok,200,STALE<2018;NOT-GLOBAL,-,https://www.vlaanderen.be/digitaal-vlaanderen/onze-oplossingen/earth-observation-data-science-eodas/het-digitaal-hoogtemodel
building_heights,C,57,GeoSampa lidar,Prefeitura de Sao Paulo,S,Sao Paulo,point cloud,10 pts/m2,2017,Open,Y,dl,ok,200,STALE<2018;NOT-GLOBAL,-,https://geosampa.prefeitura.sp.gov.br/
building_heights,C,52,TanDEM-X 12 m DEM (science),DLR,G,World,raster DSM,12 m,2017,Science-only,N,req,ok,206,NON-COMMERCIAL;STALE<2018,-,https://tandemx-science.dlr.de/
building_heights,C,50,Geoscape Buildings heights,Geoscape Australia,N,Australia,vector attr,imagery,2025,Commercial,P,com,ok,200,PAID;NOT-GLOBAL,-,https://geoscape.com.au/data/buildings/
building_heights,C,50,OS Building Height Attribute,Ordnance Survey,N,Great Britain,vector attr,imagery,2026,Commercial,P,com,ok,206,PAID;NOT-GLOBAL,-,https://www.ordnancesurvey.co.uk/products/os-mastermap-building-height-attribute
building_heights,C,48,Rwanda national lidar (RLMUA),Rwanda Land Management and Use Authority,N,Rwanda,point cloud/DSM,1 m,2022,Restricted,R,req,ok,206,NOT-GLOBAL,-,https://www.lands.rw/
building_heights,C,46,Cape Town lidar DSM,City of Cape Town,S,Cape Town,raster DSM,1 m,2021,Open,Y,req,ok,200,NOT-GLOBAL,-,https://odp-cctegis.opendata.arcgis.com/
building_heights,C,45,India building heights (Bhuvan 3D),NRSC/ISRO,S,Indian cities,3D,CartoDEM,2020,Restricted,R,reg,ok,200,NOT-GLOBAL,-,https://bhuvan.nrsc.gov.in/
building_heights,C,37,Dubai 3D buildings (Dubai Pulse),Dubai Digital Authority,S,Dubai,3D vector,LoD2,2024,Restricted,R,req,error,curl: (35) Recv failure: Connection reset by peer,NOT-GLOBAL,-,https://www.dubaipulse.gov.ae/
building_heights,C,36,Italy MATTM lidar,Ministero dell Ambiente,N,Italy (partial),raster DSM,1-2 m,2012,Open,R,req,ok,200,STALE<2018;NOT-GLOBAL,-,https://gn.mase.gov.it/
terrain,A,100,Copernicus DEM GLO-30,ESA/Airbus,G,World,raster DSM,30 m,2024,Copernicus DEM licence,Y,dl,ok,206,,-,https://copernicus-dem-30m.s3.amazonaws.com/readme.html
terrain,A,100,Copernicus DEM GLO-90,ESA/Airbus,G,World,raster DSM,90 m,2024,Copernicus DEM licence,Y,dl,ok,206,,-,https://copernicus-dem-90m.s3.amazonaws.com/readme.html
terrain,A,100,DeltaDTM (coastal bare-earth),Deltares,G,Coastal < 10 m,raster DTM,30 m,2024,CC-BY 4.0,Y,dl,ok,200,,-,https://data.4tu.nl/datasets/1da2e70f-6c4d-4b03-86bd-b53e789cc629
terrain,A,100,GEBCO 2025 grid,GEBCO/IHO-IOC,G,World (land+ocean),raster,15 arc-sec,2025,Public domain (attribution),Y,dl,ok,200,,-,https://www.gebco.net/data-products/gridded-bathymetry-data
terrain,A,97,Copernicus DEM on Microsoft Planetary Computer,Microsoft,G,World,raster DSM,30-90 m,2024,Copernicus DEM licence,Y,api,ok,206,,-,https://planetarycomputer.microsoft.com/dataset/cop-dem-glo-30
terrain,A,97,GMRT Global Multi-Resolution Topography,LDEO Columbia,G,World,raster,variable,2025,CC-BY 4.0,Y,api,ok,200,,-,https://www.gmrt.org/
terrain,A,97,OpenDEM / Open Topo Data API,Open Topo Data,G,World,api,30-90 m,2025,Mixed open,Y,api,ok,206,,-,https://www.opentopodata.org/
terrain,A,95,ArcticDEM,Polar Geospatial Center,G,Arctic > 60N,raster DSM,2 m,2023,Public domain,Y,dl,ok,206,,-,https://www.pgc.umn.edu/data/arcticdem/
terrain,A,95,ETOPO 2022,NOAA NCEI,G,World (land+ocean),raster,15 arc-sec,2022,Public domain,Y,dl,ok,200,,-,https://www.ncei.noaa.gov/products/etopo-global-relief-model
terrain,A,95,HydroSHEDS v1 conditioned DEM,WWF/McGill,G,World,raster,90 m,2022,Free with attribution,Y,dl,ok,200,,-,https://www.hydrosheds.org/hydrosheds-core-downloads
terrain,A,95,REMA,Polar Geospatial Center,G,Antarctica,raster DSM,2 m,2022,Public domain,Y,dl,ok,206,,-,https://www.pgc.umn.edu/data/rema/
terrain,A,95,SRTM15+ (Tozer),Scripps,G,World (land+ocean),raster,15 arc-sec,2023,Public domain,Y,dl,ok,200,,-,https://topex.ucsd.edu/WWW_html/srtm15_plus.html
terrain,A,92,ALOS World 3D 30 m (AW3D30),JAXA,G,World,raster DSM,30 m,2024,JAXA free terms,Y,reg,ok,206,,-,https://www.eorc.jaxa.jp/ALOS/en/aw3d30/index.htm
terrain,A,92,GEDI L2A ground elevation,NASA/UMD,G,51.6N-51.6S,points,25 m,2025,NASA open,Y,reg,ok,200,,-,https://lpdaac.usgs.gov/products/gedi02_av002/
terrain,A,92,ICESat-2 ATL08 terrain,NASA,G,World,points,photon,2026,NASA open,Y,reg,ok,200,,-,https://nsidc.org/data/atl08
terrain,A,92,OpenTopography global DEM API,OpenTopography,G,World,api,30-90 m,2026,Mixed open,Y,reg,ok,206,,-,https://portal.opentopography.org/apidocs/
terrain,A,89,AWS Terrain Tiles (Terrarium),Mapzen/AWS,G,World,raster tiles,multi,2018,Mixed open (attribution),Y,dl,ok,206,,-,https://registry.opendata.aws/terrain-tiles/
terrain,A,88,EMODnet Bathymetry DTM,EMODnet,C,European seas,raster,115 m,2024,CC-BY 4.0,Y,dl,ok,200,,-,https://emodnet.ec.europa.eu/en/bathymetry
terrain,A,87,BedMachine Antarctica/Greenland,NASA/UCI,G,Polar,raster,500 m-150 m,2022,NASA open,Y,reg,ok,200,,-,https://nsidc.org/data/nsidc-0756
terrain,A,86,FathomDEM (bare-earth),Fathom,G,World,raster DTM,30 m,2025,CC-BY-NC-SA 4.0 (non-commercial),N,dl,ok,200,NON-COMMERCIAL;SHARE-ALIKE,-,https://www.fathom.global/product/fathomdem/
terrain,A,83,GMTED2010,USGS/NGA,G,World,raster,250 m-1 km,2010,Public domain,Y,dl,ok,206,STALE<2018,-,https://www.usgs.gov/coastal-changes-and-impacts/gmted2010
terrain,A,83,GTOPO30,USGS,G,World,raster,1 km,1996,Public domain,Y,dl,ok,206,STALE<2018,-,https://www.usgs.gov/centers/eros/science/usgs-eros-archive-digital-elevation-global-30-arc-second-elevation-gtopo30
terrain,A,81,ASTER GDEM v3,NASA/METI,G,83N-83S,raster DSM,30 m,2019,Public domain,Y,reg,ok,200,,-,https://lpdaac.usgs.gov/products/astgtmv003/
terrain,A,81,Google Elevation API,Google,G,World,api,varies,2026,Commercial,P,api,ok,200,PAID,-,https://developers.google.com/maps/documentation/elevation/overview
terrain,A,81,MapTiler Terrain,MapTiler,G,World,raster tiles,multi,2025,Commercial,P,api,ok,200,PAID,-,https://www.maptiler.com/terrain/
terrain,A,81,Mapbox Terrain-DEM,Mapbox,G,World,raster tiles,multi,2025,Commercial,P,api,ok,206,PAID,-,https://docs.mapbox.com/data/tilesets/reference/mapbox-terrain-dem-v1/
terrain,A,81,NASADEM,NASA JPL,G,60N-56S,raster DSM,30 m,2020,Public domain,Y,reg,ok,200,,-,https://lpdaac.usgs.gov/products/nasadem_hgtv001/
terrain,A,80,AHN4 DTM,Rijkswaterstaat,N,Netherlands,raster DTM,0.5 m,2025,CC0,Y,dl,ok,200,NOT-GLOBAL,-,https://www.ahn.nl/
terrain,A,80,Austria DGM (basemap.at / data.gv.at),Austrian states,N,Austria,raster DTM,1-10 m,2024,CC-BY 4.0,Y,dl,ok,206,NOT-GLOBAL,-,https://www.data.gv.at/
terrain,A,80,BKG DGM200 / DGM1 states,BKG + states,N,Germany,raster DTM,1-200 m,2025,DL-DE BY 2.0 (DGM200),Y,dl,ok,200,NOT-GLOBAL,-,https://gdz.bkg.bund.de/
terrain,A,80,Czech DMR 5G,CUZK,N,Czechia,raster DTM,2 m,2025,CC-BY 4.0,Y,dl,ok,200,NOT-GLOBAL,-,https://geoportal.cuzk.cz/
terrain,A,80,DGT Portugal MDT lidar,DGT Portugal,N,Portugal,raster DTM,0.5-2 m,2024,CC-BY 4.0,Y,dl,ok,200,NOT-GLOBAL,-,https://www.dgterritorio.gov.pt/
terrain,A,80,EA LiDAR composite DTM,Environment Agency,N,England,raster DTM,1 m,2024,OGL,Y,dl,ok,200,NOT-GLOBAL,-,https://environment.data.gov.uk/survey
terrain,A,80,Estonia DTM,Estonian Land Board,N,Estonia,raster DTM,1-5 m,2025,Open,Y,dl,ok,200,NOT-GLOBAL,-,https://geoportaal.maaamet.ee/
terrain,A,80,Finland KM2/KM10,National Land Survey Finland,N,Finland,raster DTM,2-10 m,2025,CC-BY 4.0,Y,dl,ok,206,NOT-GLOBAL,-,https://www.maanmittauslaitos.fi/en/maps-and-spatial-data/datasets-and-interfaces/product-descriptions/elevation-model-2-m
terrain,A,80,Geoscience Australia ELVIS DEMs,ICSM/GA,N,Australia,raster DTM,1-5 m,2025,CC-BY 4.0,Y,dl,ok,206,NOT-GLOBAL,-,https://elevation.fsdf.org.au/
terrain,A,80,IGN RGE ALTI 1 m,IGN France,N,France,raster DTM,1-5 m,2025,Etalab 2.0,Y,dl,ok,206,NOT-GLOBAL,-,https://geoservices.ign.fr/rgealti
terrain,A,80,LINZ NZ 1 m DEM,LINZ,N,New Zealand,raster DTM,1 m,2025,CC-BY 4.0,Y,dl,ok,200,NOT-GLOBAL,-,https://data.linz.govt.nz/
terrain,A,80,Latvia DTM (LGIA),LGIA,N,Latvia,raster DTM,1 m,2024,Open,Y,dl,ok,206,NOT-GLOBAL,-,https://www.lgia.gov.lv/
terrain,A,80,NOAA CUDEM,NOAA NCEI,N,US coasts,raster,1/9 arc-sec,2024,Public domain,Y,dl,ok,200,NOT-GLOBAL,-,https://www.ncei.noaa.gov/products/coastal-elevation-models
terrain,A,80,NRCan HRDEM,NRCan,N,Canada (partial),raster DTM,1-2 m,2024,Open Government Licence,Y,dl,ok,200,NOT-GLOBAL,-,https://open.canada.ca/data/en/dataset/957782bf-847c-4644-a757-e383c0057995
terrain,A,80,NRCan MRDEM,NRCan,N,Canada,raster DTM/DSM,30 m,2024,Open Government Licence,Y,dl,ok,200,NOT-GLOBAL,-,https://open.canada.ca/data/en/dataset/18752265-bda3-498c-a4ba-9dfe68cb98da
terrain,A,80,OS Terrain 50,Ordnance Survey,N,Great Britain,raster,50 m,2025,OGL,Y,dl,ok,206,NOT-GLOBAL,-,https://www.ordnancesurvey.co.uk/products/os-terrain-50
terrain,A,80,Poland NMT,GUGiK,N,Poland,raster DTM,1 m,2025,Open,Y,dl,ok,200,NOT-GLOBAL,-,https://www.geoportal.gov.pl/
terrain,A,80,Taiwan 20 m / 1 m DEM,MOI Taiwan,N,Taiwan,raster,1-20 m,2024,OGDL Taiwan,Y,dl,ok,200,NOT-GLOBAL,-,https://data.gov.tw/
terrain,A,80,USGS 3DEP 1 m / 1/3 arc-sec DEM,USGS,N,USA,raster DTM,1-10 m,2026,Public domain,Y,dl,ok,206,NOT-GLOBAL,-,https://www.usgs.gov/3d-elevation-program
terrain,A,80,swissALTI3D,swisstopo,N,Switzerland,raster DTM,0.5-2 m,2025,OGD swisstopo,Y,dl,ok,200,NOT-GLOBAL,-,https://www.swisstopo.admin.ch/en/height-model-swissalti3d
terrain,B,77,CNIG MDT05/MDT02,IGN Spain/CNIG,N,Spain,raster DTM,2-5 m,2025,CC-BY 4.0,Y,dl,reachable_restricted,403,NOT-GLOBAL,-,https://centrodedescargas.cnig.es/
terrain,B,77,Norway DTM1/DTM10,Kartverket,N,Norway,raster DTM,1-10 m,2025,CC-BY 4.0,Y,dl,reachable_restricted,403,NOT-GLOBAL,-,https://hoydedata.no/
terrain,B,77,TanDEM-X 30 m EDEM,DLR,G,World,raster DSM,30 m,2023,DLR science,R,reg,ok,200,,-,https://geoservice.dlr.de/web/dataguide/tdm30/
terrain,B,75,Chile DEM (IDE Chile),IDE Chile,N,Chile,raster,12.5-30 m,2023,Open,Y,dl,ok,200,NOT-GLOBAL,-,https://www.ide.cl/
terrain,B,75,Colombia DEM (IGAC),IGAC,N,Colombia,raster,12.5-30 m,2023,Open,Y,dl,ok,206,NOT-GLOBAL,-,https://www.colombiaenmapas.gov.co/
terrain,B,75,IGN Argentina MDE-Ar,IGN Argentina,N,Argentina,raster,30 m,2024,CC-BY 4.0,Y,dl,blocked_here,000,NOT-GLOBAL,-,https://www.ign.gob.ar/NuestrasActividades/Geodesia/ModeloDigitalElevaciones/Introduccion
terrain,B,75,Iceland IslandsDEM,Natt.is,N,Iceland,raster,2-10 m,2022,CC-BY 4.0,Y,dl,ok,200,NOT-GLOBAL,-,https://www.natt.is/
terrain,B,75,SRTM GL1 v3,NASA/USGS,G,60N-56S,raster DSM,30 m,2015,Public domain,Y,reg,ok,200,STALE<2018,-,https://lpdaac.usgs.gov/products/srtmgl1v003/
terrain,B,75,TINITALY 10 m,INGV,N,Italy,raster,10 m,2023,CC-BY 4.0,Y,dl,ok,206,NOT-GLOBAL,-,https://tinitaly.pi.ingv.it/
terrain,B,74,Bayern DGM1 open,LDBV Bayern,S,Bavaria,raster DTM,1 m,2025,CC-BY 4.0,Y,dl,ok,206,NOT-GLOBAL,-,https://geodaten.bayern.de/opengeodata/
terrain,B,74,FABDEM (bare-earth),University of Bristol / Fathom,G,World,raster DTM,30 m,2023,CC-BY-NC-SA 4.0,N,dl,timeout,000,NON-COMMERCIAL;SHARE-ALIKE,-,https://data.bris.ac.uk/data/dataset/s5hqmjcdj8yo2ibzi9b4ew3sn
terrain,B,74,Hamburg/Hessen DGM1 open,LGV Hamburg / HVBG,S,"Hamburg, Hesse",raster DTM,1 m,2025,DL-DE BY/Zero 2.0,Y,dl,ok,206,NOT-GLOBAL,-,https://gds.hessen.de/
terrain,B,74,Hong Kong DTM,Lands Department HK,S,Hong Kong,raster DTM,5 m,2024,Open,Y,dl,ok,206,NOT-GLOBAL,-,https://portal.csdi.gov.hk/
terrain,B,74,NRW DGM1 open,Geobasis NRW,S,North Rhine-Westphalia,raster DTM,1 m,2026,DL-DE Zero 2.0,Y,dl,ok,206,NOT-GLOBAL,-,https://www.opengeodata.nrw.de/produkte/geobasis/hm/
terrain,B,74,Scotland lidar DTM,Scottish Government,S,Scotland,raster DTM,0.5-1 m,2024,OGL,Y,dl,ok,206,NOT-GLOBAL,-,https://remotesensingdata.gov.scot/
terrain,B,74,Wales lidar DTM,Welsh Government,S,Wales,raster DTM,1 m,2024,OGL,Y,dl,ok,200,NOT-GLOBAL,-,https://datamap.gov.wales/
terrain,B,73,SRTM 90m v4.1 (CGIAR-CSI),CGIAR-CSI,G,60N-56S,raster DSM,90 m,2008,Free (non-commercial asked),R,dl,ok,200,NON-COMMERCIAL;STALE<2018,-,https://srtm.csi.cgiar.org/
terrain,B,72,Denmark DHM terrain,SDFI,N,Denmark,raster DTM,0.4 m,2025,Open,Y,reg,ok,206,NOT-GLOBAL,-,https://dataforsyningen.dk/
terrain,B,72,Lithuania DTM (geoportal.lt),NZT Lithuania,N,Lithuania,raster DTM,1 m,2024,Open,Y,reg,ok,200,NOT-GLOBAL,-,https://www.geoportal.lt/
terrain,B,72,NGII Korea DEM,NGII,N,South Korea,raster,5 m,2024,KOGL,Y,reg,ok,206,NOT-GLOBAL,-,https://www.ngii.go.kr/
terrain,B,72,Sweden GSD-Hojddata,Lantmateriet,N,Sweden,raster DTM,1-2 m,2025,CC0,Y,reg,ok,200,NOT-GLOBAL,-,https://www.lantmateriet.se/sv/geodata/vara-produkter/produktlista/markhojdmodell-nedladdning/
terrain,B,71,TanDEM-X 90 m DEM,DLR,G,World,raster DSM,90 m,2018,DLR free (science+commercial?),R,reg,ok,200,,-,https://geoservice.dlr.de/web/dataguide/tdm90/
terrain,B,70,AW3D Enhanced,NTT Data/RESTEC,G,World,raster DSM/DTM,0.5-5 m,2025,Commercial,P,com,ok,200,PAID,-,https://www.aw3d.jp/en/
terrain,B,70,Airbus WorldDEM / WorldDEM Neo,Airbus,G,World,raster DSM/DTM,5-12 m,2025,Commercial,P,com,ok,200,PAID,-,https://www.intelligence-airbusds.com/worlddem-neo/
terrain,B,70,Intermap NEXTMap One,Intermap,G,World,raster DSM/DTM,1 m,2024,Commercial,P,com,ok,200,PAID,-,https://www.intermap.com/nextmap
terrain,B,70,Slovakia DMR 5.0,UGKK SR,N,Slovakia,raster DTM,1 m,2025,Open,Y,dl,error,curl: (60) SSL: no alternative certificate subject name matches target host name,NOT-GLOBAL,-,https://www.geoportal.sk/
terrain,B,70,Vantor Precision3D DEM,Vantor/Maxar,G,World,raster DSM/DTM,0.5 m,2025,Commercial,P,com,ok,206,PAID,-,https://www.maxar.com/precision3d
terrain,B,69,Croatia DMR (DGU),DGU,N,Croatia,raster,25 m,2020,Open,Y,dl,ok,206,NOT-GLOBAL,-,https://geoportal.dgu.hr/
terrain,B,69,EarthEnv-DEM90,EarthEnv,G,World,raster,90 m,2014,CC-BY-NC,N,dl,ok,206,NON-COMMERCIAL;STALE<2018,-,https://www.earthenv.org/DEM
terrain,B,69,Luxembourg DTM lidar,ACT Luxembourg,N,Luxembourg,raster DTM,0.5 m,2019,CC0,Y,dl,ok,200,NOT-GLOBAL,-,https://data.public.lu/
terrain,B,69,Peru DEM (GEO GPS Peru / IGN),IGN Peru,N,Peru,raster,30 m,2020,Open,Y,dl,ok,206,NOT-GLOBAL,-,https://www.idep.gob.pe/
terrain,B,68,EarthDEM,Polar Geospatial Center,G,Non-polar (restricted),raster DSM,2 m,2023,Restricted (US federal),R,req,ok,206,,-,https://www.pgc.umn.edu/data/earthdem/
terrain,B,68,MERIT DEM,Univ. Tokyo (Yamazaki),G,World,raster DTM-ish,90 m,2018,CC-BY-NC 4.0 / ODbL,R,reg,reachable_restricted,403,NON-COMMERCIAL;SHARE-ALIKE,-,http://hydro.iis.u-tokyo.ac.jp/~yamadai/MERIT_DEM/
terrain,B,68,MERIT Hydro,Univ. Tokyo (Yamazaki),G,World,raster hydro-DEM,90 m,2019,CC-BY-NC 4.0 / ODbL,R,reg,reachable_restricted,403,NON-COMMERCIAL;SHARE-ALIKE,-,http://hydro.iis.u-tokyo.ac.jp/~yamadai/MERIT_Hydro/
terrain,B,67,GSI Japan 5 m / 10 m DEM,GSI Japan,N,Japan,raster DTM,5-10 m,2025,GSI terms,Y,reg,blocked_here,000,NOT-GLOBAL,-,https://fgd.gsi.go.jp/download/
terrain,B,65,Ireland national DTM (GSI),Geological Survey Ireland,N,Ireland,raster,10 m,2023,CC-BY 4.0,Y,dl,broken_link,404,NOT-GLOBAL;URL-BROKEN,-,https://www.gsi.ie/en-ie/data-and-maps/Pages/default.aspx
terrain,B,63,Australia SRTM 1s DEM-H,Geoscience Australia,N,Australia,raster,30 m,2011,CC-BY 4.0,Y,dl,ok,200,STALE<2018;NOT-GLOBAL,-,https://ecat.ga.gov.au/geonetwork/srv/eng/catalog.search#/metadata/72759
terrain,B,63,CDEM Canada,NRCan,N,Canada,raster,20 m,2013,Open Government Licence,Y,dl,ok,200,STALE<2018;NOT-GLOBAL,-,https://open.canada.ca/data/en/dataset/7f245e4d-76c2-4caa-951a-45d1d2051333
terrain,B,63,EU-DEM v1.1,EEA/Copernicus,C,EEA-39,raster,25 m,2016,Copernicus free,Y,reg,ok,206,STALE<2018,-,https://land.copernicus.eu/en/products/products-that-are-no-longer-disseminated-on-the-clms-website
terrain,B,63,INEGI CEM 3.0,INEGI,N,Mexico,raster,15 m,2013,INEGI libre uso,Y,dl,ok,200,STALE<2018;NOT-GLOBAL,-,https://www.inegi.org.mx/app/geo2/elevacionesmex/
terrain,B,63,LINZ NZ 8 m DEM,LINZ,N,New Zealand,raster,8 m,2012,CC-BY 4.0,Y,dl,ok,200,STALE<2018;NOT-GLOBAL,-,https://data.linz.govt.nz/layer/51768-nz-8m-digital-elevation-model-2012/
terrain,B,63,Slovenia DTM (lidar),GURS/ARSO,N,Slovenia,raster DTM,1 m,2015,CC-BY 4.0,Y,dl,ok,206,STALE<2018;NOT-GLOBAL,-,https://www.e-prostor.gov.si/
terrain,C,59,Copernicus DEM EEA-10,ESA/Airbus,C,EEA-39,raster DSM,10 m,2021,Restricted (eligible users),R,reg,ok,200,,-,https://dataspace.copernicus.eu/explore-data/data-collections/copernicus-contributing-missions/collections-description/COP-DEM
terrain,C,57,DHMV II DTM,Digitaal Vlaanderen,S,Flanders,raster DTM,1 m,2015,Modellicentie gratis,Y,dl,ok,200,STALE<2018;NOT-GLOBAL,-,https://www.vlaanderen.be/digitaal-vlaanderen/onze-oplossingen/earth-observation-data-science-eodas/het-digitaal-hoogtemodel
terrain,C,55,Global Bare Earth DEM Coastal (CoastalDEM),Climate Central,G,Coastal,raster DTM,90 m,2023,Commercial,P,com,broken_link,404,PAID;URL-BROKEN,-,https://www.climatecentral.org/coastaldem-v3
terrain,C,53,TOPODATA (INPE),INPE,N,Brazil,raster,30 m,2011,Open,Y,dl,error,curl: (6) Could not resolve host: www.dsr.inpe.br,STALE<2018;NOT-GLOBAL,-,http://www.dsr.inpe.br/topodata/
terrain,C,51,Indonesia DEMNAS,BIG Indonesia,N,Indonesia,raster,8 m,2018,Free registration,R,reg,ok,200,NOT-GLOBAL,-,https://tanahair.indonesia.go.id/demnas/
terrain,C,50,OS Terrain 5,Ordnance Survey,N,Great Britain,raster,5 m,2025,Commercial,P,com,ok,206,PAID;NOT-GLOBAL,-,https://www.ordnancesurvey.co.uk/products/os-terrain-5
terrain,C,48,Rwanda national DTM (RLMUA),Rwanda Land Management and Use Authority,N,Rwanda,raster DTM,1-10 m,2022,Restricted,R,req,ok,206,NOT-GLOBAL,-,https://www.lands.rw/
terrain,C,47,NGI South Africa DEM,NGI South Africa,N,South Africa,raster,25 m,2020,Open,Y,req,blocked_here,000,NOT-GLOBAL,-,https://www.ngi.gov.za/
terrain,C,45,CartoDEM v3 (Bhuvan),NRSC/ISRO,N,India,raster,30 m,2017,Free registration,R,reg,ok,200,STALE<2018;NOT-GLOBAL,-,https://bhuvan-app3.nrsc.gov.in/data/download/index.php
terrain,C,39,Greece DEM (Ktimatologio),Hellenic Cadastre,N,Greece,raster,5 m,2018,Restricted,R,req,reachable_restricted,403,NOT-GLOBAL,-,https://www.ktimatologio.gr/
terrain,C,39,Israel DTM (MAPI),Survey of Israel,N,Israel,raster,25 m,2020,Restricted,R,req,reachable_restricted,403,NOT-GLOBAL,-,https://www.gov.il/en/departments/survey_of_israel
terrain,C,36,Philippines IfSAR / lidar (PhilLiDAR),NAMRIA/UP DREAM,N,Philippines,raster,5 m / 1 m,2017,Restricted,R,req,ok,206,STALE<2018;NOT-GLOBAL,-,https://lipad.dream.upd.edu.ph/
terrain,C,33,SUDEM South Africa,Stellenbosch/GeoSmart,N,South Africa,raster,5 m,2016,Commercial,P,com,ok,200,PAID;STALE<2018;NOT-GLOBAL,-,https://geosmart.space/
forest_canopy,A,100,Copernicus Global Land Service FCover,Copernicus GLS,G,World,raster,300 m,2026,Copernicus free,Y,dl,ok,206,,-,https://land.copernicus.eu/en/products/vegetation
forest_canopy,A,100,ESA CCI Biomass,ESA CCI,G,World,raster,100 m,2024,CC-BY 4.0,Y,dl,ok,200,,-,https://climate.esa.int/en/projects/biomass/data/
forest_canopy,A,100,EU Observatory on deforestation (EUDR),European Commission JRC,G,World,platform,10 m,2025,CC-BY 4.0,Y,dl,ok,206,,-,https://forest-observatory.ec.europa.eu/
forest_canopy,A,100,Esri/Impact Observatory LULC trees class,Esri/IO,G,World,raster,10 m annual,2025,CC-BY 4.0,Y,dl,ok,206,,-,https://livingatlas.arcgis.com/landcoverexplorer/
forest_canopy,A,100,GLAD forest disturbance alerts,UMD GLAD / GFW,G,Tropics,raster,30 m weekly,2026,CC-BY 4.0,Y,dl,ok,200,,-,https://data.globalforestwatch.org/
forest_canopy,A,100,Global Forest Watch tree cover loss drivers,WRI,G,World,raster,1 km,2025,CC-BY 4.0,Y,dl,ok,200,,-,https://data.globalforestwatch.org/
forest_canopy,A,100,Hansen Global Forest Change v1.12,UMD GLAD / Google,G,World,raster,"30 m, 2000-2024",2025,CC-BY 4.0,Y,dl,ok,206,,-,https://storage.googleapis.com/earthenginepartners-hansen/GFC-2024-v1.12/download.html
forest_canopy,A,100,"JRC Global Forest Cover 2020 (GFC2020, EUDR)",EC JRC,G,World,raster,10 m,2024,CC-BY 4.0,Y,dl,ok,200,,-,https://forobs.jrc.ec.europa.eu/GFC
forest_canopy,A,100,JRC Tropical Moist Forest (TMF),EC JRC,G,Pan-tropics,raster,"30 m, 1990-2024",2025,CC-BY 4.0,Y,dl,ok,200,,-,https://forobs.jrc.ec.europa.eu/TMF
forest_canopy,A,100,Meta/WRI Global Canopy Height v1,Meta / WRI,G,World,raster,1 m,2024,CC-BY 4.0,Y,dl,ok,206,,-,https://registry.opendata.aws/dataforgood-fb-forests/
forest_canopy,A,100,NASA/GEDI global canopy height 2019-2023 (Potapov update),UMD GLAD,G,World,raster,30 m,2024,CC-BY 4.0,Y,dl,ok,200,,-,https://glad.umd.edu/dataset/gedi/
forest_canopy,A,100,OpenStreetMap forest/wood polygons,OpenStreetMap Foundation,G,World,vector,survey,2026,ODbL,Y,dl,ok,200,SHARE-ALIKE,-,https://wiki.openstreetmap.org/wiki/Tag:landuse%3Dforest
forest_canopy,A,100,Overture land_cover forest class,Overture Maps Foundation,G,World,vector,ESA WorldCover-derived,2026,CDLA/ODbL,Y,dl,ok,206,SHARE-ALIKE,-,https://docs.overturemaps.org/guides/base/
forest_canopy,A,100,RADD alerts (Sentinel-1),Wageningen / GFW,G,Tropics,raster,10 m,2026,CC-BY 4.0,Y,dl,ok,200,,-,https://data.globalforestwatch.org/
forest_canopy,A,100,WRI Natural Forests of the World 2020,WRI / SBTN,G,World,raster,10 m,2025,CC-BY 4.0,Y,dl,ok,200,,-,https://data.globalforestwatch.org/
forest_canopy,A,97,Dynamic World trees class,Google/WRI,G,World,raster,10 m NRT,2026,CC-BY 4.0,Y,api,ok,206,,-,https://dynamicworld.app/
forest_canopy,A,97,GLC_FCS30D forest classes,CAS AIR,G,World,raster,"30 m, 1985-2022",2024,CC-BY 4.0,Y,dl,reachable_restricted,403,,-,https://doi.org/10.5281/zenodo.8239305
forest_canopy,A,97,Global Forest Canopy Height 2020 (Pauls et al. 2024),Pauls et al.,G,World,raster,10 m,2024,CC-BY 4.0,Y,dl,reachable_restricted,403,,-,https://github.com/AI4Forest/Global-Canopy-Height-Map
forest_canopy,A,95,ESA WorldCover tree cover class,ESA,G,World,raster,10 m,2022,CC-BY 4.0,Y,dl,ok,200,,-,https://esa-worldcover.org/
forest_canopy,A,95,ETH Global Canopy Height 2020 (Lang),ETH Zurich,G,World,raster,10 m,2022,CC-BY 4.0,Y,dl,ok,206,,-,https://langnico.github.io/globalcanopyheight/
forest_canopy,A,95,GLAD Forest extent and height change 2000-2020,UMD GLAD,G,World,raster,30 m,2022,CC-BY 4.0,Y,dl,ok,200,,-,https://glad.umd.edu/dataset/GLCLUC2020
forest_canopy,A,95,GLAD Global Land Cover and Land Use Change,UMD GLAD,G,World,raster,30 m,2022,CC-BY 4.0,Y,dl,ok,200,,-,https://glad.umd.edu/dataset/GLCLUC2020
forest_canopy,A,95,Global Ecosystem Typology (IUCN),IUCN,G,World,raster,1 km,2022,CC-BY 4.0,Y,dl,ok,200,,-,https://global-ecosystems.org/
forest_canopy,A,95,Global Mangrove Watch v3,Aberystwyth/JAXA/WI,G,Tropics,vector/raster,25 m,2022,CC-BY 4.0,Y,dl,ok,200,,-,https://www.globalmangrovewatch.org/
forest_canopy,A,95,Spatial Database of Planted Trees (SDPT v2),WRI,G,158 countries,vector,varies,2023,CC-BY 4.0,Y,dl,ok,200,,-,https://data.globalforestwatch.org/
forest_canopy,A,95,WRI Tropical Tree Cover 10 m (Brandt et al. 2023),WRI,G,Tropics,raster,10 m,2023,CC-BY 4.0,Y,dl,ok,200,,-,https://data.globalforestwatch.org/
forest_canopy,A,92,GEDI L2A/L2B canopy metrics,NASA/UMD,G,51.6N-51.6S,points,25 m,2025,NASA open,Y,reg,ok,200,,-,https://lpdaac.usgs.gov/products/gedi02_bv002/
forest_canopy,A,92,GEDI L4A footprint biomass,NASA/ORNL DAAC,G,51.6N-51.6S,points,25 m,2024,NASA open,Y,reg,ok,206,,-,https://daac.ornl.gov/GEDI/guides/GEDI_L4A_AGB_Density_V2_1.html
forest_canopy,A,92,GEO-TREES biomass reference,GEO-TREES consortium,G,Reference sites,points/lidar,plots,2025,Open (planned),Y,reg,ok,206,,-,https://geo-trees.org/
forest_canopy,A,92,Global Forest Management (Lesiv 2022),IIASA,G,World,raster,100 m,2022,CC-BY 4.0,Y,dl,reachable_restricted,403,,-,https://doi.org/10.5281/zenodo.5879022
forest_canopy,A,92,Global planted forest (Du et al. 2022),Du et al.,G,World,raster,30 m,2022,CC-BY 4.0,Y,dl,reachable_restricted,403,,-,https://doi.org/10.5281/zenodo.6563695
forest_canopy,A,92,ICESat-2 ATL08 canopy,NASA,G,World,points,photon,2026,NASA open,Y,reg,ok,200,,-,https://nsidc.org/data/atl08
forest_canopy,A,92,JAXA PALSAR/PALSAR-2 Forest/Non-Forest,JAXA,G,World,raster,25 m,2024,JAXA free terms,Y,reg,ok,206,,-,https://www.eorc.jaxa.jp/ALOS/en/dataset/fnf_e.htm
forest_canopy,A,92,MODIS MCD12Q1 forest classes,NASA,G,World,raster,500 m,2024,NASA open,Y,reg,ok,200,,-,https://lpdaac.usgs.gov/products/mcd12q1v061/
forest_canopy,A,92,MODIS VCF MOD44B tree cover,NASA,G,World,raster,250 m annual,2025,NASA open,Y,reg,ok,200,,-,https://lpdaac.usgs.gov/products/mod44bv061/
forest_canopy,A,89,Copernicus Global Land Cover LC100 forest type,Copernicus GLS,G,World,raster,100 m,2020,Copernicus free,Y,dl,ok,206,,-,https://land.copernicus.eu/en/products/global-dynamic-land-cover
forest_canopy,A,89,GLAD Global Forest Canopy Height 2019 (Potapov),UMD GLAD,G,World,raster,30 m,2021,CC-BY 4.0,Y,dl,ok,200,,-,https://glad.umd.edu/dataset/gedi/
forest_canopy,A,89,Intact Forest Landscapes 2020,IFL Mapping Team,G,World,vector,1:1M,2021,CC-BY 4.0,Y,dl,ok,206,,-,https://intactforests.org/data.ifl.html
forest_canopy,A,89,Primary humid tropical forests 2001 (Turubanova),UMD GLAD,G,Tropics,raster,30 m,2018,CC-BY 4.0,Y,dl,ok,200,,-,https://glad.umd.edu/dataset/primary-forest-humid-tropics
forest_canopy,A,87,ESA CCI Land Cover tree classes,ESA CCI / C3S,G,World,raster,300 m,2023,CC-BY 4.0 (C3S),Y,reg,ok,200,,-,https://cds.climate.copernicus.eu/datasets/satellite-land-cover
forest_canopy,A,87,GEDI L4B gridded biomass,NASA/ORNL DAAC,G,51.6N-51.6S,raster,1 km,2023,NASA open,Y,reg,ok,206,,-,https://daac.ornl.gov/GEDI/guides/GEDI_L4B_Gridded_Biomass_V2_1.html
forest_canopy,A,86,FAO Global Forest Resources Assessment (FRA),FAO,G,World,statistics,country,2025,CC-BY-NC-SA 3.0 IGO,N,dl,ok,206,NON-COMMERCIAL;SHARE-ALIKE,-,https://fra-data.fao.org/
forest_canopy,A,83,Copernicus CLCplus Backbone,EEA/Copernicus,C,EEA-39,raster,10 m,2023,Copernicus free,Y,dl,ok,206,,-,https://land.copernicus.eu/en/products/clc-backbone
forest_canopy,A,83,ESA CCI High Resolution Land Cover (forest),ESA CCI,C,"Amazon, Africa, Siberia",raster,10 m,2023,CC-BY 4.0,Y,dl,ok,200,,-,https://climate.esa.int/en/projects/high-resolution-land-cover/
forest_canopy,A,83,Global tree density (Crowther 2015),Yale/ETH,G,World,raster,1 km,2015,CC-BY 4.0,Y,dl,ok,200,STALE<2018,-,https://elischolar.library.yale.edu/yale_fes_data/1/
forest_canopy,A,83,Landsat VCF tree cover (GLCF / Sexton),UMD GLCF,G,World,raster,30 m,2015,Open,Y,dl,ok,200,STALE<2018,-,https://lpdaac.usgs.gov/products/gfcc30tcv003/
forest_canopy,A,83,Sentinel-2 10 m canopy height Europe (Lang/ETH v2),ETH Zurich,C,Europe,raster,10 m,2023,CC-BY 4.0,Y,dl,ok,206,,-,https://langnico.github.io/globalcanopyheight/
forest_canopy,A,82,CTrees LUCA / tree-level,CTrees,G,World,raster,30 m,2025,Free for non-commercial,R,reg,ok,206,NON-COMMERCIAL,-,https://ctrees.org/
forest_canopy,A,82,Restor ecological data,Restor,G,World,platform,mixed,2025,Mixed,R,reg,ok,200,,-,https://restor.eco/
forest_canopy,A,80,Canada NTEMS forest structure / species,NRCan CFS,N,Canada,raster,30 m,2024,Open Government Licence,Y,dl,ok,206,NOT-GLOBAL,-,https://opendata.nfis.org/
forest_canopy,A,80,European forest canopy height 2020 (Liu et al.),Liu et al.,C,Europe,raster,30 m,2023,CC-BY 4.0,Y,dl,reachable_restricted,403,,-,https://doi.org/10.5281/zenodo.8154445
forest_canopy,A,80,Germany tree species map (Blickensdoerfer),Thuenen Institute,N,Germany,raster,10 m,2024,CC-BY 4.0,Y,dl,ok,200,NOT-GLOBAL,-,https://doi.org/10.3220/DATA20221214084846
forest_canopy,A,80,Global drylands tree cover (Bastin 2017),FAO Collect Earth,G,Drylands,points,plots,2017,CC-BY 4.0,Y,dl,reachable_restricted,403,STALE<2018,-,https://doi.org/10.1126/science.aam6527
forest_canopy,A,80,INPE DETER alerts,INPE,N,Brazil,vector,near real time,2026,CC-BY-SA 4.0,Y,dl,ok,200,SHARE-ALIKE;NOT-GLOBAL,-,https://terrabrasilis.dpi.inpe.br/en/home-page/
forest_canopy,A,80,INPE PRODES deforestation,INPE,N,Brazil,vector,30 m annual,2025,CC-BY-SA 4.0,Y,dl,ok,200,SHARE-ALIKE;NOT-GLOBAL,-,https://terrabrasilis.dpi.inpe.br/en/home-page/
forest_canopy,A,80,LANDFIRE EVH/EVC/EVT,USGS/USFS,N,USA,raster,30 m,2024,Public domain,Y,dl,ok,200,NOT-GLOBAL,-,https://landfire.gov/
forest_canopy,A,80,MapBiomas Amazonia (RAISG),MapBiomas/RAISG,C,Amazon basin,raster,30 m,2024,CC-BY 4.0,Y,dl,server_error,503,,-,https://amazonia.mapbiomas.org/
forest_canopy,A,80,MapBiomas Argentina,MapBiomas,N,Argentina,raster,30 m,2024,CC-BY 4.0,Y,dl,ok,200,NOT-GLOBAL,-,https://argentina.mapbiomas.org/
forest_canopy,A,80,MapBiomas Atlantic Forest (Bosque Atlantico),MapBiomas,C,Atlantic Forest,raster,30 m,2024,CC-BY 4.0,Y,dl,server_error,503,,-,https://bosqueatlantico.mapbiomas.org/
forest_canopy,A,80,MapBiomas Bolivia,MapBiomas,N,Bolivia,raster,30 m,2024,CC-BY 4.0,Y,dl,ok,200,NOT-GLOBAL,-,https://bolivia.mapbiomas.org/
forest_canopy,A,80,MapBiomas Chaco,MapBiomas,C,Gran Chaco,raster,30 m,2024,CC-BY 4.0,Y,dl,server_error,503,,-,https://chaco.mapbiomas.org/
forest_canopy,A,80,MapBiomas Chile,MapBiomas,N,Chile,raster,30 m,2024,CC-BY 4.0,Y,dl,ok,200,NOT-GLOBAL,-,https://chile.mapbiomas.org/
forest_canopy,A,80,MapBiomas Colombia,MapBiomas,N,Colombia,raster,30 m,2024,CC-BY 4.0,Y,dl,ok,200,NOT-GLOBAL,-,https://colombia.mapbiomas.org/
forest_canopy,A,80,MapBiomas Ecuador,MapBiomas,N,Ecuador,raster,30 m,2024,CC-BY 4.0,Y,dl,ok,200,NOT-GLOBAL,-,https://ecuador.mapbiomas.org/
forest_canopy,A,80,MapBiomas Indonesia,MapBiomas/Auriga,N,Indonesia,raster,30 m,2024,CC-BY 4.0,Y,dl,ok,200,NOT-GLOBAL,-,https://mapbiomas.nusantara.earth/
forest_canopy,A,80,MapBiomas Pampa,MapBiomas,C,Pampa,raster,30 m,2024,CC-BY 4.0,Y,dl,server_error,503,,-,https://pampa.mapbiomas.org/
forest_canopy,A,80,MapBiomas Paraguay,MapBiomas,N,Paraguay,raster,30 m,2024,CC-BY 4.0,Y,dl,ok,200,NOT-GLOBAL,-,https://paraguay.mapbiomas.org/
forest_canopy,A,80,MapBiomas Peru,MapBiomas,N,Peru,raster,30 m,2024,CC-BY 4.0,Y,dl,ok,200,NOT-GLOBAL,-,https://peru.mapbiomas.org/
forest_canopy,A,80,NEON lidar canopy height,NEON (NSF),N,USA sites,raster,1 m,2025,CC0,Y,dl,ok,200,NOT-GLOBAL,-,https://www.neonscience.org/data
forest_canopy,A,80,Nusantara Atlas,TheTreeMap,N,Indonesia/Malaysia,raster,30 m,2025,CC-BY 4.0,Y,dl,ok,200,NOT-GLOBAL,-,https://nusantara-atlas.org/
forest_canopy,A,80,USFS FIA plots (fuzzed),US Forest Service,N,USA,points,plots,2025,Public domain,Y,dl,ok,200,NOT-GLOBAL,-,https://research.fs.usda.gov/programs/fia
forest_canopy,A,80,USFS TreeMap 2022,US Forest Service,N,USA,raster,30 m,2024,Public domain,Y,dl,ok,200,NOT-GLOBAL,-,https://data.fs.usda.gov/geodata/rastergateway/treemap/
forest_canopy,A,80,WWF Terrestrial Ecoregions,WWF,G,World,vector,1:1M,2017,Free with attribution,Y,dl,reachable_restricted,403,STALE<2018,-,https://www.worldwildlife.org/publications/terrestrial-ecoregions-of-the-world
forest_canopy,B,78,Simard Global Forest Canopy Height 2005,NASA JPL,G,World,raster,1 km,2011,Public domain,Y,dl,blocked_here,000,STALE<2018,-,https://webmap.ornl.gov/wcsdown/dataset.jsp?ds_id=10023
forest_canopy,B,77,Copernicus HRL Forest Type / Dominant Leaf Type,EEA/Copernicus,C,EEA-39,raster,10 m,2021,Copernicus free,Y,dl,ok,206,,-,https://land.copernicus.eu/en/products/high-resolution-layer-forest-type
forest_canopy,B,77,Copernicus HRL Tree Cover Density,EEA/Copernicus,C,EEA-39,raster,10 m,2021,Copernicus free,Y,dl,ok,206,,-,https://land.copernicus.eu/en/products/high-resolution-layer-tree-cover-density
forest_canopy,B,77,Copernicus Small Woody Features,EEA/Copernicus,C,EEA-39,raster/vector,5 m,2021,Copernicus free,Y,dl,ok,206,,-,https://land.copernicus.eu/en/products/high-resolution-layer-small-woody-features
forest_canopy,B,75,Canada National Forest Inventory,NRCan CFS,N,Canada,grid/plots,plots,2023,Open Government Licence,Y,dl,ok,200,NOT-GLOBAL,-,https://nfi.nfis.org/
forest_canopy,B,75,NASA ABoVE forest products,NASA ORNL DAAC,C,Alaska/Canada,raster,30 m,2023,NASA open,Y,reg,ok,206,,-,https://above.nasa.gov/
forest_canopy,B,75,NLCD Tree Canopy Cover,USFS / MRLC,N,USA,raster,30 m annual,2023,Public domain,Y,dl,ok,200,NOT-GLOBAL,-,https://www.mrlc.gov/data
forest_canopy,B,73,ForestPlots.net,University of Leeds,G,Tropics plots,points,plots,2025,Restricted,R,req,ok,200,,-,https://forestplots.net/
forest_canopy,B,72,China forest canopy height 2019 (Liu),Liu et al.,N,China,raster,30 m,2022,CC-BY 4.0,Y,dl,reachable_restricted,403,NOT-GLOBAL,-,https://doi.org/10.5281/zenodo.6575731
forest_canopy,B,72,MapBiomas Uruguay,MapBiomas,N,Uruguay,raster,30 m,2024,CC-BY 4.0,Y,dl,server_error,503,NOT-GLOBAL,-,https://uruguay.mapbiomas.org/
forest_canopy,B,72,MapBiomas Venezuela,MapBiomas,N,Venezuela,raster,30 m,2024,CC-BY 4.0,Y,dl,server_error,503,NOT-GLOBAL,-,https://venezuela.mapbiomas.org/
forest_canopy,B,71,EU-Forest tree occurrences (Mauri 2017),JRC,C,Europe,points,1 km,2017,CC-BY 4.0,Y,dl,ok,202,STALE<2018,-,https://doi.org/10.6084/m9.figshare.c.3288407
forest_canopy,B,71,FAO FRA Remote Sensing Survey,FAO,G,World,samples,plots,2022,CC-BY-NC-SA 3.0 IGO,N,dl,broken_link,404,NON-COMMERCIAL;SHARE-ALIKE;URL-BROKEN,-,https://www.fao.org/forest-resources-assessment/remote-sensing/fra-2020-remote-sensing-survey/en/
forest_canopy,B,71,TanDEM-X Forest/Non-Forest,DLR,G,World,raster,50 m,2020,DLR science,R,reg,ok,200,,-,https://geoservice.dlr.de/web/maps/tdm:forest
forest_canopy,B,70,Chloris Geospatial biomass,Chloris,G,World,raster,30 m,2025,Commercial,P,com,ok,200,PAID,-,https://chloris.earth/
forest_canopy,B,70,Kanop forest analytics,Kanop,G,World,raster,10 m,2025,Commercial,P,com,ok,200,PAID,-,https://www.kanop.io/
forest_canopy,B,70,MapBiomas Brazil (forest),MapBiomas,N,Brazil,raster,"30 m, 1985-2024",2025,CC-BY 4.0,Y,dl,broken_link,404,NOT-GLOBAL;URL-BROKEN,-,https://brasil.mapbiomas.org/en/
forest_canopy,B,70,Planet Forest Carbon Diligence,Planet,G,World,raster,30 m,2025,Commercial,P,com,ok,200,PAID,-,https://www.planet.com/products/forest-carbon/
forest_canopy,B,69,NZ LCDB v5 forest classes,Manaaki Whenua,N,New Zealand,vector,1 ha MMU,2020,CC-BY 4.0,Y,dl,ok,200,NOT-GLOBAL,-,https://lris.scinfo.org.nz/
forest_canopy,B,68,GlobeLand30 forest class,NGCC China,G,World,raster,30 m,2020,Free registration,R,reg,reachable_restricted,403,,-,http://www.globallandcover.com/
forest_canopy,B,65,Forests of Australia (NFI),ABARES,N,Australia,raster,100 m,2023,CC-BY 4.0,Y,dl,error,curl: (92) HTTP/2 stream 1 was not closed cleanly: INTERNAL_ERROR (err 2),NOT-GLOBAL,-,https://www.agriculture.gov.au/abares/forestsaustralia
forest_canopy,B,61,OSFAC FACET Congo Basin,OSFAC/UMD,C,Congo Basin,raster,60 m,2013,Open,Y,dl,broken_link,404,STALE<2018;URL-BROKEN,-,https://glad.umd.edu/projects/forest-monitoring-congo-basin
forest_canopy,C,52,Indonesia KLHK forest cover (SIGAP),Ministry of Environment and Forestry,N,Indonesia,vector,1:250k,2023,Restricted,R,reg,blocked_here,000,NOT-GLOBAL,-,https://sigap.menlhk.go.id/
forest_canopy,C,50,CAFI forest maps,Central African Forest Initiative,C,Central Africa,raster,30 m,2021,Restricted,R,req,ok,206,,-,https://www.cafi.org/
forest_canopy,C,48,India State of Forest Report (FSI),Forest Survey of India,N,India,raster,23.5 m,2023,Restricted,R,req,ok,200,NOT-GLOBAL,-,https://fsi.nic.in/
forest_canopy,C,43,EFI Forest map of Europe,European Forest Institute,C,Europe,raster,1 km,2011,Free registration,R,reg,broken_link,404,STALE<2018;URL-BROKEN,-,https://efi.int/knowledge/maps/forestmap
forest_canopy,C,39,"Russia forest map (Bartalev, IKI)",IKI RAS,N,Russia,raster,230 m,2021,Restricted,R,req,reachable_restricted,403,NOT-GLOBAL,-,http://smiswww.iki.rssi.ru/
forest_canopy,C,37,High Carbon Stock Approach maps,HCSA,S,Plantation regions,vector,varies,2024,Restricted,R,req,error,curl: (35) Recv failure: Connection reset by peer,NOT-GLOBAL,-,https://highcarbonstock.org/
forest_canopy,C,37,Rwanda forest cover map (Rwanda Forestry Authority),Rwanda Forestry Authority,N,Rwanda,vector,1:10k,2019,Restricted,R,req,blocked_here,000,NOT-GLOBAL,-,https://www.rfa.gov.rw/
land_cover,A,100,ESA WorldCereal,ESA,G,World,raster,10 m,2024,CC-BY 4.0,Y,dl,ok,200,,-,https://esa-worldcereal.org/
land_cover,A,100,Esri / Impact Observatory 10 m annual LULC,Esri/IO,G,World,raster,"10 m, 2017-2024",2025,CC-BY 4.0,Y,dl,ok,206,,-,https://livingatlas.arcgis.com/landcoverexplorer/
land_cover,A,100,GLWD v2 Global Lakes and Wetlands,WWF/McGill,G,World,raster,500 m,2025,CC-BY 4.0,Y,dl,ok,200,,-,https://www.hydrosheds.org/products/glwd
land_cover,A,100,GeoNames feature classes (land),GeoNames,G,World,points,gazetteer,2026,CC-BY 4.0,Y,dl,ok,200,,-,https://download.geonames.org/export/dump/
land_cover,A,100,OpenStreetMap landuse/landcover,OpenStreetMap Foundation,G,World,vector,survey,2026,ODbL,Y,dl,ok,200,SHARE-ALIKE,-,https://planet.openstreetmap.org/
land_cover,A,100,Overture base land_cover / land_use,Overture Maps Foundation,G,World,vector,WorldCover + OSM,2026,CDLA/ODbL,Y,dl,ok,206,SHARE-ALIKE,-,https://docs.overturemaps.org/guides/base/
land_cover,A,97,Dynamic World,Google/WRI,G,World,raster,10 m NRT,2026,CC-BY 4.0,Y,api,ok,206,,-,https://dynamicworld.app/
land_cover,A,97,GLC_FCS30D,CAS AIR,G,World,raster,"30 m, 1985-2022",2024,CC-BY 4.0,Y,dl,reachable_restricted,403,,-,https://doi.org/10.5281/zenodo.8239305
land_cover,A,97,Google Satellite Embedding (AlphaEarth),Google DeepMind,G,World,raster embeddings,10 m annual,2025,CC-BY 4.0,Y,api,ok,200,,-,https://developers.google.com/earth-engine/datasets/catalog/GOOGLE_SATELLITE_EMBEDDING_V1_ANNUAL
land_cover,A,95,ESA WorldCover 2021 v200,ESA,G,World,raster,10 m,2022,CC-BY 4.0,Y,dl,ok,200,,-,https://esa-worldcover.org/
land_cover,A,95,GHS-BUILT-S built-up fraction,EC JRC GHSL,G,World,raster,10 m,2023,CC-BY 4.0,Y,dl,ok,200,,-,https://human-settlement.emergency.copernicus.eu/download.php
land_cover,A,95,GHS-SMOD settlement model,EC JRC GHSL,G,World,raster,1 km,2023,CC-BY 4.0,Y,dl,ok,200,,-,https://human-settlement.emergency.copernicus.eu/download.php
land_cover,A,95,GLAD GLCLUC 2000-2020,UMD GLAD,G,World,raster,30 m,2022,CC-BY 4.0,Y,dl,ok,200,,-,https://glad.umd.edu/dataset/GLCLUC2020
land_cover,A,95,Global Tidal Flats (Murray),UQ / Murray et al.,G,Coastal,raster,30 m,2022,CC-BY 4.0,Y,dl,ok,200,,-,https://www.intertidal.app/
land_cover,A,95,Global cropland extent (Potapov 2022),UMD GLAD,G,World,raster,30 m,2022,CC-BY 4.0,Y,dl,ok,200,,-,https://glad.umd.edu/dataset/croplands
land_cover,A,95,IIASA Geo-Wiki crowdsourced LC,IIASA,G,World,points,samples,2023,CC-BY 4.0,Y,dl,ok,200,,-,https://www.geo-wiki.org/
land_cover,A,95,IUCN Global Ecosystem Typology maps,IUCN,G,World,raster,1 km,2022,CC-BY 4.0,Y,dl,ok,200,,-,https://global-ecosystems.org/
land_cover,A,95,Randolph Glacier Inventory 7.0,GLIMS/NSIDC,G,World glaciers,vector,1:50k,2023,CC-BY 4.0,Y,dl,ok,200,,-,https://nsidc.org/data/nsidc-0770
land_cover,A,92,MODIS MCD12Q1,NASA,G,World,raster,500 m annual,2024,NASA open,Y,reg,ok,200,,-,https://lpdaac.usgs.gov/products/mcd12q1v061/
land_cover,A,89,Copernicus Global Land Cover LC100,Copernicus GLS,G,World,raster,"100 m, 2015-2019",2020,Copernicus free,Y,dl,ok,206,,-,https://land.copernicus.eu/en/products/global-dynamic-land-cover
land_cover,A,89,ESA WorldCover 2020 v100,ESA,G,World,raster,10 m,2021,CC-BY 4.0,Y,dl,ok,200,,-,https://esa-worldcover.org/
land_cover,A,88,Digital Earth Africa land cover / crop mask,Digital Earth Africa,C,Africa,raster,10-30 m,2024,CC-BY 4.0,Y,dl,ok,200,,-,https://www.digitalearthafrica.org/
land_cover,A,87,ESA CCI Land Cover / C3S,ESA CCI / C3S,G,World,raster,"300 m, 1992-2022",2023,CC-BY 4.0 (C3S),Y,reg,ok,200,,-,https://cds.climate.copernicus.eu/datasets/satellite-land-cover
land_cover,A,87,GLanCE Global Land Cover Estimation,Boston University / NASA,G,World,raster,"30 m, 2001-2019",2023,NASA open,Y,reg,ok,200,,-,https://lpdaac.usgs.gov/products/glance30v001/
land_cover,A,86,FROM-GLC10,Tsinghua,G,World,raster,10 m,2019,CC-BY 4.0,Y,dl,reachable_restricted,403,,-,http://data.ess.tsinghua.edu.cn/
land_cover,A,86,Global Land Cover with Fine Classification System (GLC_FCS30 2020),CAS AIR,G,World,raster,30 m,2021,CC-BY 4.0,Y,dl,reachable_restricted,403,,-,https://doi.org/10.5281/zenodo.3986871
land_cover,A,86,Global Urban Boundaries (Li et al. 2020),Tsinghua,G,World,vector,30 m,2020,CC-BY 4.0,Y,dl,reachable_restricted,403,,-,http://data.ess.tsinghua.edu.cn/
land_cover,A,85,FAO WaPOR land cover,FAO,C,Africa & Near East,raster,30-250 m,2024,CC-BY 4.0,Y,api,ok,206,,-,https://data.apps.fao.org/wapor/
land_cover,A,83,CIFOR Global wetlands (tropics),CIFOR,G,Tropics,raster,231 m,2017,Free,Y,dl,ok,200,STALE<2018,-,https://www2.cifor.org/global-wetlands/
land_cover,A,83,CLCplus Backbone,EEA/Copernicus,C,EEA-39,raster,10 m,2023,Copernicus free,Y,dl,ok,206,,-,https://land.copernicus.eu/en/products/clc-backbone
land_cover,A,83,ESA CCI High Resolution Land Cover,ESA CCI,C,"Amazon, Africa, Siberia",raster,10-30 m,2023,CC-BY 4.0,Y,dl,ok,200,,-,https://climate.esa.int/en/projects/high-resolution-land-cover/
land_cover,A,83,EuroCrops,TUM,C,EU (16 countries),vector,parcels,2023,CC-BY-SA 4.0,Y,dl,ok,206,SHARE-ALIKE,-,https://www.eurocrops.tum.de/
land_cover,A,83,GLC2000,EC JRC,G,World,raster,1 km,2003,Free,Y,dl,ok,200,STALE<2018,-,https://forobs.jrc.ec.europa.eu/glc2000
land_cover,A,83,LUCAS in-situ survey,Eurostat,C,EU,points,survey,2022,Eurostat free,Y,dl,ok,200,,-,https://ec.europa.eu/eurostat/web/lucas
land_cover,A,83,OSMlanduse.org (HeiGIT),HeiGIT,C,Europe,raster,10 m,2023,ODbL,Y,dl,ok,206,SHARE-ALIKE,-,https://osmlanduse.org/
land_cover,A,83,SERVIR Hindu Kush Himalaya RLCMS,ICIMOD,C,HKH region,raster,30 m,2023,CC-BY 4.0,Y,dl,ok,200,,-,https://rds.icimod.org/
land_cover,A,83,SERVIR Mekong RLCMS,ADPC / SERVIR,C,Lower Mekong,raster,30 m,2023,Open,Y,dl,ok,200,,-,https://rlcms-servir.adpc.net/
land_cover,A,80,AAFC Annual Crop Inventory,Agriculture and Agri-Food Canada,N,Canada,raster,30 m,2025,Open Government Licence,Y,dl,ok,200,NOT-GLOBAL,-,https://open.canada.ca/data/en/dataset/ba2645d5-4458-414d-b196-6303ac06c1c9
land_cover,A,80,Czech land cover (ZABAGED),CUZK,N,Czechia,vector,1:10k,2025,CC-BY 4.0,Y,dl,ok,200,NOT-GLOBAL,-,https://geoportal.cuzk.cz/
land_cover,A,80,DEA Land Cover,Geoscience Australia,N,Australia,raster,30 m annual,2024,CC-BY 4.0,Y,dl,ok,200,NOT-GLOBAL,-,https://www.dea.ga.gov.au/products/dea-land-cover
land_cover,A,80,Estonia ETAK land cover,Estonian Land Board,N,Estonia,vector,1:10k,2025,Open,Y,dl,ok,200,NOT-GLOBAL,-,https://geoportaal.maaamet.ee/
land_cover,A,80,GlobCover 2009,ESA/UCLouvain,G,World,raster,300 m,2010,Free,Y,dl,reachable_restricted,403,STALE<2018,-,http://due.esrin.esa.int/page_globcover.php
land_cover,A,80,IGN OCS GE (France),IGN France,N,France,vector,1:5k,2025,Etalab 2.0,Y,dl,ok,206,NOT-GLOBAL,-,https://geoservices.ign.fr/ocsge
land_cover,A,80,Italy Carta Nazionale Consumo di Suolo (ISPRA),ISPRA,N,Italy,raster,10 m,2024,CC-BY 4.0,Y,dl,ok,206,NOT-GLOBAL,-,https://www.isprambiente.gov.it/it/attivita/suolo-e-territorio/suolo/il-consumo-di-suolo/i-dati-sul-consumo-di-suolo
land_cover,A,80,JAXA High-Resolution LULC (Japan),JAXA,N,Japan,raster,10 m,2024,JAXA free terms,Y,dl,ok,206,NOT-GLOBAL,-,https://www.eorc.jaxa.jp/ALOS/en/dataset/lulc_e.htm
land_cover,A,80,MapBiomas Amazonia land cover,MapBiomas/RAISG,C,Amazon basin,raster,30 m,2024,CC-BY 4.0,Y,dl,server_error,503,,-,https://amazonia.mapbiomas.org/
land_cover,A,80,NALCMS North America 30 m,CEC,C,North America,raster,30 m,2023,Free with attribution,Y,dl,reachable_restricted,403,,-,http://www.cec.org/north-american-environmental-atlas/land-cover-30m-2020/
land_cover,A,80,NLCD / Annual NLCD,USGS MRLC,N,USA,raster,"30 m, 1985-2024",2025,Public domain,Y,dl,ok,200,NOT-GLOBAL,-,https://www.mrlc.gov/data
land_cover,A,80,Norway AR5 / AR50,NIBIO,N,Norway,vector,1:5k,2025,NLOD,Y,dl,ok,200,NOT-GLOBAL,-,https://www.nibio.no/
land_cover,A,80,Poland BDOT10k land cover,GUGiK,N,Poland,vector,1:10k,2025,Open,Y,dl,ok,200,NOT-GLOBAL,-,https://www.geoportal.gov.pl/
land_cover,A,80,Switzerland Arealstatistik,BFS,N,Switzerland,points,100 m grid,2024,OGD,Y,dl,ok,200,NOT-GLOBAL,-,https://www.bfs.admin.ch/bfs/en/home/services/geostat/swiss-federal-statistics-geodata/land-use-cover-suitability/swiss-land-use-statistics.html
land_cover,A,80,Taiwan land use survey,NLSC Taiwan,N,Taiwan,vector,1:5k,2024,OGDL Taiwan,Y,dl,ok,200,NOT-GLOBAL,-,https://data.gov.tw/
land_cover,A,80,USDA Cropland Data Layer,USDA NASS,N,USA,raster,30 m,2025,Public domain,Y,dl,ok,200,NOT-GLOBAL,-,https://www.nass.usda.gov/Research_and_Science/Cropland/SARS1a.php
land_cover,B,77,CLCD China Land Cover Dataset (Yang & Huang),Wuhan University,N,China,raster,"30 m, 1985-2023",2024,CC-BY 4.0,Y,dl,reachable_restricted,403,NOT-GLOBAL,-,https://doi.org/10.5281/zenodo.8176941
land_cover,B,77,CORINE Land Cover 2018,EEA/Copernicus,C,EEA-39,vector/raster,100 m / 25 ha,2020,Copernicus free,Y,dl,ok,206,,-,https://land.copernicus.eu/en/products/corine-land-cover
land_cover,B,77,Copernicus HRL Grassland,EEA/Copernicus,C,EEA-39,raster,10 m,2021,Copernicus free,Y,dl,ok,206,,-,https://land.copernicus.eu/en/products/high-resolution-layer-grasslands
land_cover,B,77,Copernicus HRL Water and Wetness,EEA/Copernicus,C,EEA-39,raster,10 m,2021,Copernicus free,Y,dl,ok,206,,-,https://land.copernicus.eu/en/products/high-resolution-layer-water-and-wetness
land_cover,B,77,RCMRD / SERVIR-ESA land cover,RCMRD,C,East & Southern Africa,raster,30 m,2020,Open,Y,dl,ok,200,,-,https://www.rcmrd.org/
land_cover,B,77,S2GLC Europe 2017,CBK PAN,C,Europe,raster,10 m,2019,CC-BY 4.0,Y,dl,ok,200,,-,https://s2glc.cbk.waw.pl/
land_cover,B,75,Austria land cover (LISA),Umweltbundesamt,N,Austria,raster,1 m,2023,CC-BY 4.0,Y,dl,ok,206,NOT-GLOBAL,-,https://www.data.gv.at/
land_cover,B,75,CONAF Chile catastro vegetacional,CONAF,N,Chile,vector,1:50k,2023,Open,Y,dl,ok,200,NOT-GLOBAL,-,https://www.conaf.cl/
land_cover,B,75,COS Portugal (Carta de Uso e Ocupacao do Solo),DGT Portugal,N,Portugal,vector,1:25k,2023,CC-BY 4.0,Y,dl,ok,200,NOT-GLOBAL,-,https://www.dgterritorio.gov.pt/
land_cover,B,75,Canada land cover 2020 (NRCan),NRCan CCRS,N,Canada,raster,30 m,2022,Open Government Licence,Y,dl,ok,200,NOT-GLOBAL,-,https://open.canada.ca/data/en/dataset/ee1580ab-a23d-4f86-a09b-79763677eb47
land_cover,B,75,Denmark Basemap04,Aarhus University,N,Denmark,raster,10 m,2023,Open,Y,dl,ok,200,NOT-GLOBAL,-,https://envs.au.dk/en/research-areas/society-environment-and-resources/land-use-and-gis/basemap
land_cover,B,75,GFSAD30 global cropland,USGS,G,World,raster,30 m,2017,Public domain,Y,reg,ok,200,STALE<2018,-,https://lpdaac.usgs.gov/products/gfsad30eucearumev001/
land_cover,B,75,Israel land cover (Hamaarag),Hamaarag,N,Israel,raster,10 m,2022,Open,Y,dl,ok,200,NOT-GLOBAL,-,https://hamaarag.org.il/
land_cover,B,75,NOAA C-CAP land cover,NOAA,N,US coasts,raster,1-30 m,2023,Public domain,Y,dl,ok,206,NOT-GLOBAL,-,https://coast.noaa.gov/digitalcoast/data/ccapregional.html
land_cover,B,75,SIOSE Spain,IGN Spain,N,Spain,vector,1:25k,2022,CC-BY 4.0,Y,dl,ok,200,NOT-GLOBAL,-,https://www.siose.es/
land_cover,B,75,Sweden Nationella Marktackedata (NMD),Naturvardsverket,N,Sweden,raster,10 m,2023,CC0,Y,dl,ok,200,NOT-GLOBAL,-,https://www.naturvardsverket.se/verktyg-och-tjanster/kartor-och-karttjanster/nationella-marktackedata/
land_cover,B,74,ELC10 European Land Cover (Venter),NINA / Venter,C,Europe,raster,10 m,2021,CC-BY 4.0,Y,dl,reachable_restricted,403,,-,https://doi.org/10.5281/zenodo.4407051
land_cover,B,73,Copernicus HRL Crop types,EEA/Copernicus,C,EEA-39,raster,10 m,2023,Copernicus free,Y,dl,broken_link,404,URL-BROKEN,-,https://land.copernicus.eu/en/products/high-resolution-layer-crop-types
land_cover,B,73,Theia OSO land cover (France),CESBIO/Theia,N,France,raster,10 m annual,2024,Etalab 2.0,Y,dl,timeout,000,NOT-GLOBAL,-,https://www.theia-land.fr/en/ceslist/land-cover-sec/
land_cover,B,72,Korea land cover map (EGIS),Ministry of Environment Korea,N,South Korea,vector,1:5k,2024,KOGL,Y,reg,ok,200,NOT-GLOBAL,-,https://egis.me.go.kr/
land_cover,B,70,MapBiomas Brazil land cover,MapBiomas,N,Brazil,raster,30 m,2025,CC-BY 4.0,Y,dl,broken_link,404,NOT-GLOBAL;URL-BROKEN,-,https://brasil.mapbiomas.org/en/
land_cover,B,69,Copernicus Coastal Zones,EEA/Copernicus,C,EEA-39 coast,vector,1:10k,2021,Copernicus free,Y,reg,ok,206,,-,https://land.copernicus.eu/en/products/coastal-zones
land_cover,B,69,Copernicus N2K land cover,EEA/Copernicus,C,Natura 2000 sites,vector,1:10k,2021,Copernicus free,Y,reg,ok,206,,-,https://land.copernicus.eu/en/products/n2k
land_cover,B,69,Copernicus Riparian Zones,EEA/Copernicus,C,EEA-39,vector,1:10k,2021,Copernicus free,Y,reg,ok,206,,-,https://land.copernicus.eu/en/products/riparian-zones
land_cover,B,69,Copernicus Urban Atlas LU/LC,EEA/Copernicus,C,Europe FUAs,vector,1:10k,2021,Copernicus free,Y,reg,ok,206,,-,https://land.copernicus.eu/en/products/urban-atlas
land_cover,B,69,Germany LBM-DE,BKG,N,Germany,vector,1:50k,2021,DL-DE BY 2.0,Y,dl,ok,200,NOT-GLOBAL,-,https://gdz.bkg.bund.de/
land_cover,B,69,INEGI Uso de suelo y vegetacion Serie VII,INEGI,N,Mexico,vector,1:250k,2021,INEGI libre uso,Y,dl,ok,206,NOT-GLOBAL,-,https://www.inegi.org.mx/temas/usosuelo/
land_cover,B,69,Kenya land cover (RCMRD/KFS),RCMRD,N,Kenya,raster,30 m,2020,Open,Y,dl,ok,200,NOT-GLOBAL,-,https://www.rcmrd.org/
land_cover,B,69,NZ LCDB v5,Manaaki Whenua,N,New Zealand,vector,1 ha MMU,2020,CC-BY 4.0,Y,dl,ok,200,NOT-GLOBAL,-,https://lris.scinfo.org.nz/
land_cover,B,69,Philippines NAMRIA land cover,NAMRIA,N,Philippines,vector,1:50k,2020,Open,Y,dl,ok,200,NOT-GLOBAL,-,https://www.geoportal.gov.ph/
land_cover,B,68,GlobeLand30,NGCC China,G,World,raster,30 m,2020,Free registration,R,reg,reachable_restricted,403,,-,http://www.globallandcover.com/
land_cover,B,66,CCI Land Cover S2 prototype Africa 2016,ESA CCI,C,Africa,raster,20 m,2017,Free,Y,dl,blocked_here,000,STALE<2018,-,https://2016africalandcover20m.esrin.esa.int/
land_cover,B,66,IDEAM Colombia CORINE land cover,IDEAM,N,Colombia,vector,1:100k,2020,Open,Y,dl,reachable_restricted,403,NOT-GLOBAL,-,http://www.ideam.gov.co/
land_cover,B,65,ABARES Catchment Scale Land Use (CLUM),ABARES,N,Australia,raster,50 m,2023,CC-BY 4.0,Y,dl,error,curl: (92) HTTP/2 stream 1 was not closed cleanly: INTERNAL_ERROR (err 2),NOT-GLOBAL,-,https://www.agriculture.gov.au/abares/aclump/land-use
land_cover,B,65,Ireland National Land Cover Map,Tailte Eireann / EPA,N,Ireland,vector,0.1 ha MMU,2023,CC-BY 4.0,Y,dl,broken_link,404,NOT-GLOBAL;URL-BROKEN,-,https://www.tailte.ie/surveying/products/professional-mapping/national-land-cover-map/
land_cover,B,65,LBM Netherlands (Landelijk Grondgebruiksbestand),WUR,N,Netherlands,raster,5-25 m,2022,CC-BY 4.0,Y,dl,broken_link,404,NOT-GLOBAL;URL-BROKEN,-,https://www.wur.nl/nl/onderzoek-resultaten/onderzoeksinstituten/environmental-research/faciliteiten-tools/kaarten-en-gis-bestanden/landelijk-grondgebruik-nederland.htm
land_cover,B,65,South Africa National Land Cover 2022,DFFE,N,South Africa,raster,20 m,2023,Open,Y,dl,error,curl: (35) Recv failure: Connection reset by peer,NOT-GLOBAL,-,https://egis.environment.gov.za/
land_cover,B,63,FAO Africover,FAO,C,East Africa,vector,1:100k-1:200k,2002,Free,Y,dl,server_error,502,STALE<2018,-,https://www.fao.org/geonetwork/srv/en/main.home
land_cover,B,63,Rwanda land cover 2015 (RCMRD/SERVIR),RCMRD / Rwanda,N,Rwanda,raster,30 m,2016,Open,Y,dl,ok,200,STALE<2018;NOT-GLOBAL,-,https://www.rcmrd.org/
land_cover,B,62,UKCEH Land Cover Map,UK Centre for Ecology & Hydrology,N,UK,raster/vector,10 m,2024,Commercial (25 m open),R,reg,ok,206,NOT-GLOBAL,-,https://www.ceh.ac.uk/data/ukceh-land-cover-maps
land_cover,C,59,Chesapeake 1 m land cover,Chesapeake Conservancy,S,Chesapeake Bay,raster,1 m,2022,CC-BY 4.0,Y,dl,broken_link,404,NOT-GLOBAL;URL-BROKEN,-,https://www.chesapeakeconservancy.org/conservation-innovation-center/high-resolution-data/land-cover-data-project/
land_cover,C,59,FAO GLC-SHARE,FAO,G,World,raster,1 km,2014,CC-BY-NC-SA 3.0 IGO,N,dl,broken_link,404,NON-COMMERCIAL;SHARE-ALIKE;STALE<2018;URL-BROKEN,-,https://www.fao.org/land-water/land/land-governance/land-resources-planning-toolbox/category/details/en/c/1036355/
land_cover,C,59,Finland CORINE 2018 (SYKE),SYKE,N,Finland,raster,20 m,2020,CC-BY 4.0,Y,dl,broken_link,404,NOT-GLOBAL;URL-BROKEN,-,https://www.syke.fi/en-US/Open_information/Spatial_datasets
land_cover,C,52,Indonesia land cover (KLHK),KLHK,N,Indonesia,vector,1:250k,2023,Restricted,R,reg,blocked_here,000,NOT-GLOBAL,-,https://sigap.menlhk.go.id/
land_cover,C,51,Bhuvan LULC 1:50k (NRSC),NRSC/ISRO,N,India,raster,1:50k,2019,Restricted,R,reg,ok,200,NOT-GLOBAL,-,https://bhuvan.nrsc.gov.in/
land_cover,C,42,CNLUCC China land use,RESDC CAS,N,China,vector,1 km / 30 m,2020,Restricted,R,req,ok,200,NOT-GLOBAL,-,https://www.resdc.cn/
land_cover,C,42,Turkey CORINE (TUCBS),Ministry of Agriculture Turkey,N,Turkey,vector,1:100k,2018,Restricted,R,req,ok,206,NOT-GLOBAL,-,https://corine.tarimorman.gov.tr/
land_cover,C,37,Ethiopia land cover (EthioGIS),EGI Ethiopia,N,Ethiopia,raster,30 m,2020,Restricted,R,req,blocked_here,000,NOT-GLOBAL,-,https://www.egi.gov.et/
water_bodies,A,100,Copernicus GLS Water Bodies,Copernicus GLS,G,World,raster,100-300 m monthly,2026,Copernicus free,Y,dl,ok,206,,-,https://land.copernicus.eu/en/products/water-bodies
water_bodies,A,100,ESA CCI Lakes,ESA CCI,G,"2,000+ lakes",timeseries,lakes,2024,CC-BY 4.0,Y,dl,ok,200,,-,https://climate.esa.int/en/projects/lakes/
water_bodies,A,100,GDW Global Dam Watch database,Global Dam Watch,G,World,vector,"41,000+ dams",2024,CC-BY 4.0,Y,dl,ok,200,,-,https://www.globaldamwatch.org/database
water_bodies,A,100,GEOGloWS streams,ECMWF / BYU,G,World,vector,reaches,2025,CC-BY 4.0,Y,dl,ok,200,,Y,https://geoglows.ecmwf.int/
water_bodies,A,100,GLAD Global Surface Water Dynamics,UMD GLAD,G,World,raster,"30 m, 1999-2024",2025,CC-BY 4.0,Y,dl,ok,200,,-,https://glad.umd.edu/dataset/global-surface-water-dynamics
water_bodies,A,100,GLAD Landsat ARD water (GLAD water),UMD GLAD,G,World,raster,30 m,2025,CC-BY 4.0,Y,dl,ok,200,,-,https://glad.umd.edu/ard/home
water_bodies,A,100,GLWD v2 Global Lakes and Wetlands,WWF/McGill,G,World,raster,500 m,2025,CC-BY 4.0,Y,dl,ok,200,,-,https://www.hydrosheds.org/products/glwd
water_bodies,A,100,HydroSHEDS v2,WWF/McGill,G,World,raster/vector,12 m-based,2025,CC-BY 4.0,Y,dl,ok,200,,Y,https://www.hydrosheds.org/
water_bodies,A,100,OSM coastlines,OSM / FOSSGIS,G,World,vector,survey,2026,ODbL,Y,dl,ok,206,SHARE-ALIKE,-,https://osmdata.openstreetmap.de/data/coastlines.html
water_bodies,A,100,OSM water polygons (osmdata.openstreetmap.de),OSM / FOSSGIS,G,World,vector,survey,2026,ODbL,Y,dl,ok,206,SHARE-ALIKE,-,https://osmdata.openstreetmap.de/data/water-polygons.html
water_bodies,A,100,OpenStreetMap waterways/water,OpenStreetMap Foundation,G,World,vector,survey,2026,ODbL,Y,dl,ok,200,SHARE-ALIKE,Y,https://planet.openstreetmap.org/
water_bodies,A,100,Overture base water,Overture Maps Foundation,G,World,vector,OSM-derived,2026,ODbL,Y,dl,ok,206,SHARE-ALIKE,-,https://docs.overturemaps.org/guides/base/
water_bodies,A,100,SWORD SWOT River Database,UNC / SWOT,G,World,vector,reaches,2024,CC-BY 4.0,Y,dl,ok,200,,Y,https://www.swordexplorer.com/
water_bodies,A,97,Copernicus Global Flood Monitoring (GFM),Copernicus EMS,G,World,raster,20 m,2026,Copernicus free,Y,api,ok,206,,-,https://global-flood.emergency.copernicus.eu/
water_bodies,A,97,Dynamic World water class,Google/WRI,G,World,raster,10 m NRT,2026,CC-BY 4.0,Y,api,ok,206,,-,https://dynamicworld.app/
water_bodies,A,95,ESA WorldCover water / wetland classes,ESA,G,World,raster,10 m,2022,CC-BY 4.0,Y,dl,ok,200,,-,https://esa-worldcover.org/
water_bodies,A,95,GLOBathy lake bathymetry,Khazaei et al.,G,World lakes,raster,varies,2022,CC-BY 4.0,Y,dl,ok,202,,-,https://doi.org/10.6084/m9.figshare.c.5243309
water_bodies,A,95,Global Tidal Wetland Change,Murray et al.,G,Coastal,raster,30 m,2022,CC-BY 4.0,Y,dl,ok,200,,-,https://www.globalintertidalchange.org/
water_bodies,A,95,JRC Global Surface Water (occurrence/change),EC JRC / Google,G,World,raster,"30 m, 1984-2021",2022,Copernicus free,Y,dl,ok,200,,-,https://global-surface-water.appspot.com/download
water_bodies,A,95,Natural Earth rivers/lakes,Natural Earth,G,World,vector,1:10M,2023,Public domain,Y,dl,ok,200,,-,https://www.naturalearthdata.com/downloads/10m-physical-vectors/
water_bodies,A,95,WHYMAP groundwater resources,BGR/UNESCO,G,World,vector,1:25M,2023,Free,Y,dl,ok,200,,-,https://www.whymap.org/
water_bodies,A,95,WRI Aqueduct,WRI,G,World,vector,basins,2023,CC-BY 4.0,Y,dl,ok,206,,-,https://www.wri.org/aqueduct
water_bodies,A,92,DAHITI water levels,DGFI-TUM,G,World,timeseries,altimetry,2026,CC-BY 4.0,Y,reg,ok,200,,-,https://dahiti.dgfi.tum.de/
water_bodies,A,92,G-REALM reservoir levels,USDA FAS,G,World,timeseries,altimetry,2026,Public domain,Y,dl,server_error,503,,-,https://ipad.fas.usda.gov/cropexplorer/global_reservoir/
water_bodies,A,92,GeoDAR dams and reservoirs,Wang et al. (ESSD 2022),G,World,vector,"24,000 dams",2022,CC-BY 4.0,Y,dl,reachable_restricted,403,,-,https://doi.org/10.5281/zenodo.6163413
water_bodies,A,92,GloFAS river network,Copernicus EMS,G,World,raster,0.05 deg,2025,Copernicus free,Y,reg,ok,206,,-,https://www.globalfloods.eu/
water_bodies,A,92,Global small water bodies (GLAKES),Pi et al. (2022),G,World,vector,>0.03 km2,2022,CC-BY 4.0,Y,dl,reachable_restricted,403,,-,https://doi.org/10.5281/zenodo.7016548
water_bodies,A,92,Hydroweb.next,CNES/Theia,G,World,timeseries,altimetry,2026,Open,Y,reg,ok,200,,-,https://hydroweb.next.theia-land.fr/
water_bodies,A,92,IGRAC Global Groundwater Information System (GGIS),IGRAC,G,World,vector,aquifers,2025,Free,Y,reg,ok,200,,-,https://ggis.un-igrac.org/
water_bodies,A,92,ReaLSAT reservoir and lake surface area,U Minnesota,G,World,raster/vector,30 m,2022,CC-BY 4.0,Y,dl,reachable_restricted,403,,-,https://doi.org/10.5281/zenodo.4118463
water_bodies,A,92,SWOT L2 HR River/Lake SP,NASA/CNES,G,World,vector/raster,100 m-scale,2026,NASA open,Y,reg,ok,200,,-,https://podaac.jpl.nasa.gov/SWOT
water_bodies,A,92,SWOT Prior Lake Database (PLD),CNES/NASA,G,World,vector,lakes,2024,Open,Y,reg,ok,200,,-,https://hydroweb.next.theia-land.fr/
water_bodies,A,92,SWOT/NASA OPERA DSWx,NASA JPL OPERA,G,World,raster,30 m,2026,NASA open,Y,reg,ok,206,,-,https://www.jpl.nasa.gov/go/opera/products/dswx-product-suite/
water_bodies,A,90,Copernicus GLS Lake Water Level,Copernicus GLS,G,World lakes,timeseries,altimetry,2026,Copernicus free,Y,dl,broken_link,404,URL-BROKEN,-,https://land.copernicus.eu/en/products/water-bodies/water-level-lakes-v2-0
water_bodies,A,90,Dartmouth Flood Observatory archive,Univ. Colorado,G,World,vector,events,2025,Free,Y,dl,error,curl: (35) Recv failure: Connection reset by peer,,-,https://floodobservatory.colorado.edu/
water_bodies,A,90,"GLCP Global Lake area, Climate, Population",Meyer et al.,G,World,table,lakes,2024,CC-BY 4.0,Y,dl,broken_link,404,URL-BROKEN,-,https://doi.org/10.5063/F1KD1WSN
water_bodies,A,90,Ramsar Sites Information Service,Ramsar Convention,G,World,vector,sites,2026,Free,Y,dl,error,418,,-,https://rsis.ramsar.org/
water_bodies,A,89,FLO1K global flow,Barbarossa et al.,G,World,raster,1 km,2018,CC-BY 4.0,Y,dl,ok,202,,-,https://doi.org/10.6084/m9.figshare.c.3890224
water_bodies,A,89,GFPLAIN250m floodplains,Nardi et al.,G,World,raster,250 m,2019,CC-BY 4.0,Y,dl,ok,202,,-,https://doi.org/10.6084/m9.figshare.6665165
water_bodies,A,89,GOODD Global Georeferenced Database of Dams,Mulligan et al.,G,World,points,"38,000 dams",2020,Free,Y,dl,ok,200,,-,https://www.globaldamwatch.org/goodd
water_bodies,A,89,GRanD Global Reservoir and Dam Database,GWSP/McGill,G,World,vector,"7,320 dams",2019,CC-BY 4.0,Y,dl,ok,200,,-,https://www.globaldamwatch.org/grand
water_bodies,A,89,GloRiC Global River Classification,WWF/McGill,G,World,vector,reaches,2019,CC-BY 4.0,Y,dl,ok,200,,Y,https://www.hydrosheds.org/products/gloric
water_bodies,A,89,Global Reservoir Surface Area Dataset (GRSAD),Zhao & Gao,G,World,timeseries,reservoirs,2018,CC-BY 4.0,Y,dl,ok,200,,-,https://doi.org/10.18738/T8/DF80WG
water_bodies,A,89,Global wetlands extent (Tootchi 2019),Tootchi et al.,G,World,raster,15 arc-sec,2019,CC-BY 4.0,Y,dl,ok,200,,-,https://doi.org/10.1594/PANGAEA.892657
water_bodies,A,89,HydroATLAS (River/Lake/BasinATLAS),WWF/McGill HydroSHEDS,G,World,vector,attributes,2019,CC-BY 4.0,Y,dl,ok,200,,-,https://www.hydrosheds.org/hydroatlas
water_bodies,A,89,HydroBASINS,WWF/McGill HydroSHEDS,G,World,vector,15 arc-sec,2019,Free with attribution,Y,dl,ok,200,,-,https://www.hydrosheds.org/products/hydrobasins
water_bodies,A,89,HydroLAKES,WWF/McGill HydroSHEDS,G,World,vector,lakes >10 ha,2019,CC-BY 4.0,Y,dl,ok,200,,-,https://www.hydrosheds.org/products/hydrolakes
water_bodies,A,89,HydroRIVERS,WWF/McGill HydroSHEDS,G,World,vector,15 arc-sec,2019,Free with attribution,Y,dl,ok,200,,Y,https://www.hydrosheds.org/products/hydrorivers
water_bodies,A,86,GRWL Global River Widths from Landsat,Allen & Pavelsky,G,World,vector,30 m,2018,CC-BY 4.0,Y,dl,reachable_restricted,403,,Y,https://doi.org/10.5281/zenodo.1297434
water_bodies,A,85,Global Lake Area (Pi et al. 2022),Pi et al.,G,World,vector,30 m,2022,CC-BY 4.0,Y,dl,broken_link,404,URL-BROKEN,-,https://doi.org/10.5281/zenodo.6046008
water_bodies,A,83,BGS Africa Groundwater Atlas,BGS,C,Africa,vector,1:5M,2022,OGL,Y,dl,ok,200,,-,https://www2.bgs.ac.uk/groundwater/international/africanGroundwater/
water_bodies,A,83,ESA CCI Water Bodies v4,ESA CCI,G,World,raster,150 m,2017,Free,Y,dl,ok,200,STALE<2018,-,https://climate.esa.int/en/projects/land-cover/data/
water_bodies,A,83,GSHHG shorelines,NOAA/SOEST,G,World,vector,full res,2017,LGPL,Y,dl,ok,206,STALE<2018,-,https://www.soest.hawaii.edu/pwessel/gshhg/
water_bodies,A,83,Global Drainage Basin Database (GDBD),NIES Japan,G,World,vector,1 km,2008,Free,Y,dl,ok,206,STALE<2018,-,https://www.cger.nies.go.jp/db/gdbd/gdbd_index_e.html
water_bodies,A,83,HYDRO1K,USGS,G,World,raster/vector,1 km,2000,Public domain,Y,dl,ok,206,STALE<2018,-,https://www.usgs.gov/centers/eros/science/usgs-eros-archive-digital-elevation-hydro1k
water_bodies,A,83,WISE WFD water bodies,EEA,C,EU,vector,reporting,2022,EEA free,Y,dl,ok,206,,-,https://www.eea.europa.eu/en/datahub
water_bodies,A,82,DLR Global WaterPack,DLR,G,World,raster,250 m daily,2025,DLR terms,R,reg,ok,200,,-,https://geoservice.dlr.de/web/maps/eoc:gwp
water_bodies,A,82,GEMStat water quality,UNEP GEMS/Water,G,World,timeseries,stations,2025,Free registration,R,reg,ok,200,,-,https://gemstat.org/
water_bodies,A,82,GRDC river discharge stations,BfG / WMO,G,World,timeseries,stations,2026,Free (restricted redistribution),R,reg,ok,206,,-,https://portal.grdc.bafg.de/
water_bodies,A,82,OPERA DSWx-S1,NASA JPL OPERA,G,World,raster,30 m,2026,NASA open,Y,reg,broken_link,404,URL-BROKEN,-,https://www.earthdata.nasa.gov/data/catalog/asf-opera-l3-dswx-s1-v1-1
water_bodies,A,80,Canada National Hydro Network / CanVec,NRCan,N,Canada,vector,1:50k,2024,Open Government Licence,Y,dl,ok,200,NOT-GLOBAL,Y,https://open.canada.ca/data/en/dataset/a4b190fe-e090-4e6d-881e-b87956c07977
water_bodies,A,80,DEA Water Observations (WOfS),Geoscience Australia,N,Australia,raster,25 m,2025,CC-BY 4.0,Y,dl,ok,200,NOT-GLOBAL,-,https://www.dea.ga.gov.au/products/dea-water-observations
water_bodies,A,80,EA Detailed River Network,Environment Agency,N,England,vector,1:10k,2024,OGL,Y,dl,ok,200,NOT-GLOBAL,Y,https://environment.data.gov.uk/
water_bodies,A,80,GLWD v1,WWF,G,World,vector/raster,1 km,2004,Free,Y,dl,reachable_restricted,403,STALE<2018,-,https://www.worldwildlife.org/pages/global-lakes-and-wetlands-database
water_bodies,A,80,IGN BD TOPAGE,IGN/OFB,N,France,vector,1:5k,2025,Etalab 2.0,Y,dl,ok,200,NOT-GLOBAL,Y,https://www.sandre.eaufrance.fr/
water_bodies,A,80,Japan National Land Numerical Information (rivers/lakes),MLIT Japan,N,Japan,vector,1:25k,2024,Open,Y,dl,ok,200,NOT-GLOBAL,Y,https://nlftp.mlit.go.jp/ksj/
water_bodies,A,80,LINZ NZ hydro (Topo50),LINZ,N,New Zealand,vector,1:50k,2025,CC-BY 4.0,Y,dl,ok,200,NOT-GLOBAL,Y,https://data.linz.govt.nz/
water_bodies,A,80,NVE ELVIS river network,NVE Norway,N,Norway,vector,1:50k,2025,NLOD,Y,dl,ok,200,NOT-GLOBAL,Y,https://www.nve.no/
water_bodies,A,80,UK OS Open Rivers,Ordnance Survey,N,Great Britain,vector,1:25k,2026,OGL,Y,dl,ok,206,NOT-GLOBAL,Y,https://www.ordnancesurvey.co.uk/products/os-open-rivers
water_bodies,A,80,USGS NHDPlus HR / 3DHP,USGS,N,USA,vector,1:24k,2025,Public domain,Y,dl,ok,206,NOT-GLOBAL,Y,https://www.usgs.gov/national-hydrography
water_bodies,A,80,swissTLM3D water / FOEN network,swisstopo / FOEN,N,Switzerland,vector,1:10k,2025,OGD,Y,dl,ok,200,NOT-GLOBAL,Y,https://www.swisstopo.admin.ch/en/landscape-model-swisstlm3d
water_bodies,B,78,Sentinel-1/2 surface water (Digital Earth Africa WOfS),Digital Earth Africa,C,Africa,raster,30 m,2025,CC-BY 4.0,Y,dl,broken_link,404,URL-BROKEN,-,https://www.digitalearthafrica.org/platform-resources/services/water-observations-space
water_bodies,B,77,Australian Geofabric / National Surface Water,Bureau of Meteorology,N,Australia,vector,1:250k,2024,CC-BY 4.0,Y,dl,reachable_restricted,403,NOT-GLOBAL,Y,http://www.bom.gov.au/water/geofabric/
water_bodies,B,77,Copernicus HRL Water and Wetness,EEA/Copernicus,C,EEA-39,raster,10 m,2021,Copernicus free,Y,dl,ok,206,,-,https://land.copernicus.eu/en/products/high-resolution-layer-water-and-wetness
water_bodies,B,77,EU-Hydro,EEA/Copernicus,C,EEA-39,vector,1:30k,2020,Copernicus free,Y,dl,ok,206,,Y,https://land.copernicus.eu/en/products/eu-hydro
water_bodies,B,77,SADC river basins / groundwater,SADC-GMI,C,Southern Africa,vector,1:1M,2020,Open,Y,dl,ok,200,,-,https://sadc-gip.org/
water_bodies,B,77,USGS NWIS surface water sites,USGS,N,USA,timeseries,stations,2026,Public domain,Y,api,ok,206,NOT-GLOBAL,-,https://waterdata.usgs.gov/
water_bodies,B,75,Australian farm dams (GA),Geoscience Australia,N,Australia,vector,ML,2023,CC-BY 4.0,Y,dl,ok,200,NOT-GLOBAL,-,https://www.ga.gov.au/
water_bodies,B,75,BfG / BKG Gewassernetz,BfG,N,Germany,vector,1:25k,2022,DL-DE BY 2.0,Y,dl,ok,206,NOT-GLOBAL,Y,https://geoportal.bafg.de/
water_bodies,B,75,FAO AQUASTAT rivers/dams,FAO,G,World,vector/table,1:1M,2021,CC-BY-NC-SA 3.0 IGO,N,dl,ok,206,NON-COMMERCIAL;SHARE-ALIKE,-,https://www.fao.org/aquastat/en/databases/
water_bodies,B,75,Global Flood Database (Cloud to Street),Cloud to Street / Floodbase,G,World,raster,250 m,2021,CC-BY-NC 4.0,N,dl,ok,200,NON-COMMERCIAL,-,https://global-flood-database.cloudtostreet.ai/
water_bodies,B,75,MERIT Basins,Lin et al.,G,World,vector,90 m-based,2021,CC-BY-NC-SA 4.0,N,dl,ok,200,NON-COMMERCIAL;SHARE-ALIKE,Y,https://www.reachhydro.org/home/params/merit-basins
water_bodies,B,75,MITECO red hidrografica,MITECO Spain,N,Spain,vector,1:25k,2022,CC-BY 4.0,Y,dl,ok,200,NOT-GLOBAL,Y,https://www.miteco.gob.es/
water_bodies,B,75,MODIS MOD44W water mask,NASA,G,World,raster,250 m,2015,NASA open,Y,reg,ok,200,STALE<2018,-,https://lpdaac.usgs.gov/products/mod44wv006/
water_bodies,B,75,SMHI SVAR,SMHI,N,Sweden,vector,1:50k,2022,CC0,Y,dl,ok,200,NOT-GLOBAL,Y,https://www.smhi.se/data/hydrologi/vattenwebb
water_bodies,B,75,SRTM Water Body Data (SWBD),NASA/NGA,G,60N-56S,vector,30 m,2005,Public domain,Y,reg,ok,200,STALE<2018,-,https://lpdaac.usgs.gov/products/srtmswbdv003/
water_bodies,B,73,GLHYMPS permeability,Gleeson et al.,G,World,vector,1:1M,2014,CC-BY 4.0,Y,dl,error,curl: (52) Empty reply from server,STALE<2018,-,https://doi.org/10.5683/SP2/DLGXYO
water_bodies,B,71,CCM2 Catchment Characterisation (JRC),EC JRC,C,Europe,vector,100 m,2008,Free,Y,dl,ok,200,STALE<2018,Y,https://data.jrc.ec.europa.eu/collection/id-0047
water_bodies,B,71,ECRINS,EEA,C,Europe,vector,1:250k,2012,EEA free,Y,dl,ok,206,STALE<2018,Y,https://www.eea.europa.eu/en/datahub
water_bodies,B,70,Mekong River Commission data portal,MRC,C,Mekong basin,vector/timeseries,stations,2025,Free registration,R,reg,ok,206,,-,https://portal.mrcmekong.org/
water_bodies,B,70,SYKE shoreline / river network,SYKE,N,Finland,vector,1:10k,2024,CC-BY 4.0,Y,dl,broken_link,404,NOT-GLOBAL;URL-BROKEN,Y,https://www.syke.fi/en-US/Open_information/Spatial_datasets
water_bodies,B,69,INEGI Red Hidrografica,INEGI,N,Mexico,vector,1:50k,2020,INEGI libre uso,Y,dl,ok,206,NOT-GLOBAL,Y,https://www.inegi.org.mx/temas/hidrografia/
water_bodies,B,69,NZ River Environment Classification (REC2),NIWA,N,New Zealand,vector,reaches,2019,CC-BY 4.0,Y,dl,ok,206,NOT-GLOBAL,Y,https://niwa.co.nz/freshwater/management-tools/river-environment-classification-0
water_bodies,B,68,MERIT Hydro,Univ. Tokyo,G,World,raster,90 m,2019,CC-BY-NC 4.0 / ODbL,R,reg,reachable_restricted,403,NON-COMMERCIAL;SHARE-ALIKE,Y,http://hydro.iis.u-tokyo.ac.jp/~yamadai/MERIT_Hydro/
water_bodies,B,67,Somalia SWALIM rivers,FAO SWALIM,N,Somalia,vector,1:100k,2023,Free,Y,dl,server_error,500,NOT-GLOBAL,Y,https://www.faoswalim.org/
water_bodies,B,63,ANA BHO Base Hidrografica Ottocodificada,ANA Brazil,N,Brazil,vector,1:250k,2017,Open,Y,dl,ok,200,STALE<2018;NOT-GLOBAL,Y,https://metadados.snirh.gov.br/
water_bodies,C,57,FAO Rivers of Africa,FAO,C,Africa,vector,1:1M,2014,CC-BY-NC-SA 3.0 IGO,N,dl,ok,206,NON-COMMERCIAL;SHARE-ALIKE;STALE<2018,Y,https://data.apps.fao.org/
water_bodies,C,52,India-WRIS water bodies,NWIC India,N,India,vector,1:50k,2024,Restricted,R,reg,error,curl: (35) Recv failure: Connection reset by peer,NOT-GLOBAL,Y,https://indiawris.gov.in/
water_bodies,C,50,Nile Basin Initiative data,NBI,C,Nile basin,vector,basin,2020,Restricted,R,req,ok,200,,-,https://nilebasin.org/
water_bodies,C,48,Rwanda Water Resources Board portal,Rwanda Water Resources Board,N,Rwanda,vector,1:50k,2023,Restricted,R,req,ok,200,NOT-GLOBAL,Y,https://waterportal.rwb.rw/
water_bodies,C,40,Lake Victoria Basin Commission data,LVBC,C,Lake Victoria basin,vector,1:250k,2020,Restricted,R,req,error,"curl: (60) SSL certificate problem: unable to get local issuer certificate
More ",,-,https://www.lvbcom.org/
water_points,A,100,"GeoNames wells/springs (H.WLL, H.SPNG)",GeoNames,G,World,points,gazetteer,2026,CC-BY 4.0,Y,dl,ok,200,,-,https://download.geonames.org/export/dump/
water_points,A,100,"OpenStreetMap water points (drinking_water, water_well, spring, water_point, water_tap)",OpenStreetMap Foundation,G,World,points,survey,2026,ODbL,Y,dl,ok,200,SHARE-ALIKE,-,https://wiki.openstreetmap.org/wiki/Tag:amenity%3Ddrinking_water
water_points,A,100,Overture base infrastructure / water points,Overture Maps Foundation,G,World,points,OSM-derived,2026,ODbL,Y,dl,ok,206,SHARE-ALIKE,-,https://docs.overturemaps.org/guides/base/
water_points,A,97,Global groundwater wells database (Jasechko & Perrone),UCSB,G,"40 countries, ~39M wells",points,well records,2024,CC-BY 4.0 (aggregated),Y,dl,reachable_restricted,403,,-,https://doi.org/10.1126/science.abc2755
water_points,A,97,WPdx Basic,Global Water Challenge,G,60+ countries,points,GPS,2026,CC-BY 4.0,Y,api,ok,200,,-,https://data.waterpointdata.org/dataset/Water-Point-Data-Exchange-Basic-WPdx-Basic-/jfkt-jmqa
water_points,A,97,WPdx+ (Water Point Data Exchange),Global Water Challenge,G,60+ countries (mostly Africa),points,GPS,2026,CC-BY 4.0,Y,api,ok,200,,-,https://www.waterpointdata.org/
water_points,A,97,Wikidata springs and wells,Wikimedia,G,World,points,crowd,2026,CC0,Y,api,ok,206,,-,https://query.wikidata.org/
water_points,A,92,IGRAC Global Groundwater Monitoring Network (GGMN),IGRAC,G,World,points,monitoring wells,2025,Free,Y,reg,ok,200,,-,https://ggmn.un-igrac.org/
water_points,A,88,REACH WASH assessments,IMPACT Initiatives,C,Crisis countries,points,survey,2026,CC-BY 4.0,Y,dl,ok,200,,-,https://www.impact-initiatives.org/resource-centre/
water_points,A,87,Tap app (findtap.com),Tap,G,World,points,crowd,2024,Restricted,R,api,ok,200,,-,https://findtap.com/
water_points,A,86,WHO/UNICEF JMP (statistics only),WHO/UNICEF,G,World,statistics,country,2025,CC-BY-NC-SA 3.0 IGO,N,dl,ok,200,NON-COMMERCIAL;SHARE-ALIKE,-,https://washdata.org/
water_points,A,85,SIASAR (Rural Water and Sanitation Information System),SIASAR consortium / World Bank,C,Latin America + Africa (15+ countries),points,survey,2026,CC-BY 4.0,Y,api,ok,206,,-,https://siasar.org/
water_points,A,82,Akvo Flow / Akvo RSR data,Akvo,G,World,points,survey,2025,Mixed,R,reg,ok,202,,-,https://akvo.org/
water_points,A,82,mWater portal,mWater,G,World,points,survey,2026,Mixed (public sites CC-BY),R,reg,ok,206,,-,https://portal.mwater.co/
water_points,A,80,BGS Single Onshore Boreholes Index,BGS,N,UK,points,boreholes,2025,OGL,Y,dl,ok,200,NOT-GLOBAL,-,https://www.bgs.ac.uk/datasets/boreholes-index/
water_points,A,80,Brazil SIAGAS wells,SGB-CPRM,N,Brazil,points,330k+ wells,2025,Open,Y,dl,ok,200,NOT-GLOBAL,-,https://siagasweb.sgb.gov.br/
water_points,A,80,Chile DGA water rights / wells,DGA Chile,N,Chile,points,water rights,2025,Open,Y,dl,ok,200,NOT-GLOBAL,-,https://dga.mop.gob.cl/
water_points,A,80,Italy ISPRA Legge 464 wells,ISPRA,N,Italy,points,boreholes,2025,Open,Y,dl,ok,206,NOT-GLOBAL,-,https://www.isprambiente.gov.it/it/banche-dati
water_points,A,80,Mexico CONAGUA REPDA,CONAGUA,N,Mexico,points,water rights,2025,Open,Y,dl,ok,206,NOT-GLOBAL,-,https://www.gob.mx/conagua
water_points,A,80,NHD springs/seeps point features,USGS,N,USA,points,1:24k,2025,Public domain,Y,dl,ok,206,NOT-GLOBAL,-,https://www.usgs.gov/national-hydrography
water_points,A,80,Peru DATASS,MVCS Peru,N,Peru,points,census,2025,Open,Y,dl,ok,200,NOT-GLOBAL,-,https://datass.vivienda.gob.pe/
water_points,A,80,USGS GNIS springs/wells,USGS,N,USA,points,gazetteer,2025,Public domain,Y,dl,ok,206,NOT-GLOBAL,-,https://www.usgs.gov/us-board-on-geographic-names/download-gnis-data
water_points,A,80,Uganda Water Supply Atlas / WATSUP,Ministry of Water and Environment Uganda,N,Uganda,points,census,2024,Open,Y,dl,ok,200,NOT-GLOBAL,-,https://www.mwe.go.ug/
water_points,B,78,HDX water point datasets,UN OCHA HDX,C,Humanitarian countries,points,survey,2026,Various,R,dl,ok,202,,-,https://data.humdata.org/search?q=water+points
water_points,B,77,Australia NGIS bores (BoM),Bureau of Meteorology,N,Australia,points,bores,2025,CC-BY 4.0,Y,dl,reachable_restricted,403,NOT-GLOBAL,-,http://www.bom.gov.au/water/groundwater/ngis/
water_points,B,77,Bolivia SIASAR,SIASAR Bolivia,N,Bolivia,points,census,2024,CC-BY 4.0,Y,api,ok,206,NOT-GLOBAL,-,https://siasar.org/
water_points,B,77,Canada Groundwater Information Network (GIN),NRCan,N,Canada,points,wells,2024,Open Government Licence,Y,api,ok,200,NOT-GLOBAL,-,https://gin.gw-info.net/
water_points,B,77,France BSS / ADES (BRGM),BRGM,N,France,points,boreholes,2026,Etalab 2.0,Y,api,ok,200,NOT-GLOBAL,-,https://ades.eaufrance.fr/
water_points,B,77,Honduras SIASAR,SIASAR Honduras,N,Honduras,points,census,2025,CC-BY 4.0,Y,api,ok,206,NOT-GLOBAL,-,https://siasar.org/
water_points,B,77,Netherlands DINOloket / BRO wells,TNO,N,Netherlands,points,boreholes,2026,CC0,Y,api,ok,200,NOT-GLOBAL,-,https://www.dinoloket.nl/
water_points,B,77,South Africa NIWIS,DWS South Africa,N,South Africa,points,stations,2025,Open,Y,dl,reachable_restricted,403,NOT-GLOBAL,-,https://www.dws.gov.za/niwis2/
water_points,B,77,USGS NGWMN,USGS/ACWI,N,USA,points,monitoring wells,2026,Public domain,Y,api,ok,200,NOT-GLOBAL,-,https://cida.usgs.gov/ngwmn/
water_points,B,77,USGS NWIS groundwater sites,USGS,N,USA,points,850k+ sites,2026,Public domain,Y,api,ok,206,NOT-GLOBAL,-,https://waterdata.usgs.gov/
water_points,B,77,Water for Good (CAR),Water for Good,N,Central African Republic,points,GPS,2025,Shared to WPdx,Y,api,ok,202,NOT-GLOBAL,-,https://waterforgood.org/
water_points,B,75,Nigeria water point mapping (eHealth Africa / GRID3),GRID3 / eHealth Africa,N,Nigeria,points,census,2023,CC-BY 4.0,Y,dl,ok,200,NOT-GLOBAL,-,https://data.grid3.org/
water_points,B,75,Refill app tap map,City to Sea,C,UK + 30 countries,points,crowd,2026,Restricted,R,api,ok,206,,-,https://www.refill.org.uk/
water_points,B,75,Spain IGME groundwater points,IGME,N,Spain,points,wells/springs,2023,Open,Y,dl,ok,206,NOT-GLOBAL,-,https://info.igme.es/
water_points,B,75,charity: water project map,charity: water,C,29 countries,points,GPS,2025,Public view,R,api,ok,206,,-,https://www.charitywater.org/our-projects
water_points,B,74,Alberta Water Wells (AWWID),Alberta EPA,S,Alberta,points,wells,2026,OGL Alberta,Y,dl,ok,206,NOT-GLOBAL,-,https://www.alberta.ca/alberta-water-well-information-database
water_points,B,74,BC WELLS (GWELLS),Government of BC,S,British Columbia,points,wells,2026,OGL BC,Y,dl,ok,416,NOT-GLOBAL,-,https://apps.nrs.gov.bc.ca/gwells/
water_points,B,74,California DWR Well Completion Reports,California DWR,S,California,points,wells,2026,Public domain,Y,dl,ok,200,NOT-GLOBAL,-,https://data.cnra.ca.gov/dataset/well-completion-reports
water_points,B,74,Minnesota County Well Index,Minnesota DH/MGS,S,Minnesota,points,wells,2026,Public domain,Y,dl,ok,206,NOT-GLOBAL,-,https://www.health.state.mn.us/communities/environment/water/mwi/index.html
water_points,B,74,"NZ regional council bore databases (e.g., ECan wells)",Environment Canterbury,S,Canterbury NZ,points,bores,2026,CC-BY 4.0,Y,dl,ok,200,NOT-GLOBAL,-,https://opendata.canterburymaps.govt.nz/
water_points,B,74,Ontario Water Well Information System,Ontario MECP,S,Ontario,points,wells,2026,OGL Ontario,Y,dl,ok,206,NOT-GLOBAL,-,https://data.ontario.ca/dataset/well-records
water_points,B,74,Texas TWDB Submitted Drillers Reports,TWDB,S,Texas,points,1M+ wells,2026,Public domain,Y,dl,ok,200,NOT-GLOBAL,-,https://www.twdb.texas.gov/groundwater/data/drillersdb.asp
water_points,B,72,The Water Project map,The Water Project,C,East Africa,points,GPS,2025,Public view,R,api,reachable_restricted,403,,-,https://thewaterproject.org/community/projects/
water_points,B,70,Central African Republic WASH points,WASH Cluster CAR,N,CAR,points,survey,2024,Various,R,dl,ok,202,NOT-GLOBAL,-,https://data.humdata.org/search?q=central+african+republic+water
water_points,B,70,DRC water points (HDX / WASH cluster),WASH Cluster DRC,N,DR Congo,points,survey,2024,Various,R,dl,ok,202,NOT-GLOBAL,-,https://data.humdata.org/search?q=drc+water+points
water_points,B,70,India CGWB groundwater wells (India-WRIS),CGWB,N,India,points,monitoring wells,2025,Open,Y,dl,error,curl: (35) Recv failure: Connection reset by peer,NOT-GLOBAL,-,https://indiawris.gov.in/wris/#/groundWater
water_points,B,70,Ireland GSI wells and springs,Geological Survey Ireland,N,Ireland,points,wells/springs,2025,CC-BY 4.0,Y,dl,broken_link,404,NOT-GLOBAL;URL-BROKEN,-,https://www.gsi.ie/en-ie/data-and-maps/Pages/Groundwater.aspx
water_points,B,70,Somalia SWALIM water sources,FAO SWALIM,N,Somalia,points,survey,2024,Free,Y,dl,broken_link,404,NOT-GLOBAL;URL-BROKEN,-,https://www.faoswalim.org/water/water-sources
water_points,B,70,Spring Stewardship Institute (Springs Online),Spring Stewardship Institute,C,North America,points,survey,2024,Free registration,R,reg,ok,206,,-,https://springstewardshipinstitute.org/
water_points,B,70,Syria WASH water points,WASH Cluster Syria,N,Syria,points,survey,2024,Various,R,dl,ok,202,NOT-GLOBAL,-,https://data.humdata.org/search?q=syria+water+points
water_points,B,70,Yemen NWRA / WASH cluster water points,WASH Cluster Yemen,N,Yemen,points,survey,2024,Various,R,dl,ok,202,NOT-GLOBAL,-,https://data.humdata.org/search?q=yemen+water+points
water_points,B,69,South Sudan WIMS,Ministry of Water South Sudan,N,South Sudan,points,census,2021,Open,Y,dl,ok,202,NOT-GLOBAL,-,https://data.humdata.org/search?q=south+sudan+water+points
water_points,B,67,IOM DTM site assessments (WASH),IOM,C,Crisis countries,points,survey,2026,Restricted,R,reg,reachable_restricted,403,,-,https://dtm.iom.int/
water_points,B,67,India Jal Jeevan Mission IMIS,Ministry of Jal Shakti,N,India,points,census,2026,Open dashboard,R,api,ok,200,NOT-GLOBAL,-,https://ejalshakti.gov.in/jjmreport/JJMIndia.aspx
water_points,B,66,Malawi water point inventory (MoW / WPdx),Ministry of Water Malawi,N,Malawi,points,census,2021,Shared to WPdx,Y,api,ok,200,NOT-GLOBAL,-,https://www.waterpointdata.org/
water_points,B,65,Iraq WASH water points,WASH Cluster Iraq,N,Iraq,points,survey,2023,Various,R,dl,ok,202,NOT-GLOBAL,-,https://data.humdata.org/search?q=iraq+water+points
water_points,B,63,Liberia WASH Water Point Atlas 2017,Ministry of Public Works Liberia,N,Liberia,points,census,2017,Open,Y,dl,ok,202,STALE<2018;NOT-GLOBAL,-,https://data.humdata.org/search?q=liberia+water+points
water_points,B,62,Pacific water points (SPC),Pacific Community (SPC),C,Pacific Islands,points,survey,2022,Restricted,R,reg,reachable_restricted,403,,-,https://pacificdata.org/
water_points,B,62,Zambia water point data (NRWSSP),Ministry of Water Zambia,N,Zambia,points,census,2022,Shared to WPdx,Y,api,error,curl: (35) Recv failure: Connection reset by peer,NOT-GLOBAL,-,https://www.mwdsep.gov.zm/
water_points,B,61,Evidence Action Dispensers for Safe Water,Evidence Action,C,"Kenya, Uganda, Malawi",points,GPS,2025,Restricted,R,req,ok,200,,-,https://www.evidenceaction.org/programs/safe-water-now
water_points,B,61,Lifewater,Lifewater International,C,Africa/Asia,points,GPS,2025,Restricted,R,req,ok,202,,-,https://lifewater.org/
water_points,B,61,Living Water International,LWI,C,20+ countries,points,GPS,2025,Restricted,R,req,ok,200,,-,https://water.cc/
water_points,B,61,Water Mission projects,Water Mission,C,50+ countries,points,GPS,2025,Restricted,R,req,ok,206,,-,https://watermission.org/
water_points,B,61,World Vision WASH,World Vision,C,Africa/Asia,points,GPS,2025,Restricted,R,req,ok,206,,-,https://www.worldvision.org/clean-water
water_points,B,60,Sierra Leone Water Point Mapping 2016,Ministry of Water Resources SL,N,Sierra Leone,points,census,2016,Open,Y,dl,reachable_restricted,429,STALE<2018;NOT-GLOBAL,-,https://www.washdata-sl.org/
water_points,C,59,South Africa National Groundwater Archive (NGA),DWS South Africa,N,South Africa,points,boreholes,2025,Free registration,R,reg,reachable_restricted,403,NOT-GLOBAL,-,https://www.dws.gov.za/groundwater/NGA.aspx
water_points,C,58,UNHCR WASH monitoring (camps),UNHCR,C,Refugee camps,points,survey,2025,Restricted,R,req,reachable_restricted,403,,-,https://wash.unhcr.org/
water_points,C,58,Water Point Mapper tool (WaterAid),WaterAid,S,Project areas,points,survey,2019,Free,Y,dl,blocked_here,000,NOT-GLOBAL,-,https://www.waterpointmapper.org/
water_points,C,53,Bangladesh BGS arsenic tubewell survey,BGS / DPHE,N,Bangladesh,points,"3,534 wells",2001,OGL,Y,dl,broken_link,404,STALE<2018;NOT-GLOBAL;URL-BROKEN,-,https://www.bgs.ac.uk/geology-projects/arsenic-contamination-of-groundwater/
water_points,C,53,Tanzania Water Point Mapping System (WPMS),Ministry of Water Tanzania,N,Tanzania,points,census,2024,Restricted,R,req,ok,200,NOT-GLOBAL,-,https://www.maji.go.tz/
water_points,C,50,Philippines NWRB water permits,NWRB,N,Philippines,points,permits,2024,Restricted,R,req,reachable_restricted,403,NOT-GLOBAL,-,https://www.nwrb.gov.ph/
water_points,C,48,Botswana DWS borehole database,Department of Water and Sanitation Botswana,N,Botswana,points,boreholes,2022,Restricted,R,req,ok,200,NOT-GLOBAL,-,https://www.gov.bw/
water_points,C,48,Cambodia rural water supply database,MRD Cambodia,N,Cambodia,points,census,2022,Restricted,R,req,ok,200,NOT-GLOBAL,-,https://www.mrd.gov.kh/
water_points,C,48,Ghana CWSA DiMES,Community Water and Sanitation Agency,N,Ghana,points,census,2023,Restricted,R,req,ok,200,NOT-GLOBAL,-,https://www.cwsa.gov.gh/
water_points,C,48,Haiti DINEPA SIEPA,DINEPA,N,Haiti,points,census,2022,Restricted,R,req,ok,200,NOT-GLOBAL,-,https://www.dinepa.gouv.ht/
water_points,C,48,Jordan MWI wells,Ministry of Water and Irrigation Jordan,N,Jordan,points,wells,2022,Restricted,R,req,ok,200,NOT-GLOBAL,-,https://www.mwi.gov.jo/
water_points,C,48,Kenya water points (WASREB / Maji Data),WASREB,N,Kenya,points,census,2023,Restricted,R,req,ok,206,NOT-GLOBAL,-,https://wasreb.go.ke/
water_points,C,48,Nepal NMIP water supply schemes,DWSSM Nepal,N,Nepal,points,census,2023,Restricted,R,req,ok,206,NOT-GLOBAL,-,https://dwssm.gov.np/
water_points,C,48,Niger inventaire ouvrages hydrauliques,Ministere de l Hydraulique Niger,N,Niger,points,census,2022,Restricted,R,req,ok,206,NOT-GLOBAL,-,https://www.hydraulique.gouv.ne/
water_points,C,48,Senegal OFOR boreholes,OFOR Senegal,N,Senegal,points,census,2023,Restricted,R,req,ok,200,NOT-GLOBAL,-,https://www.ofor.sn/
water_points,C,43,Cote d Ivoire ONEP,ONEP,N,Cote d Ivoire,points,census,2022,Restricted,R,req,blocked_here,000,NOT-GLOBAL,-,https://www.onep.ci/
water_points,C,43,Madagascar water points (BDEA),Ministere de l Eau Madagascar,N,Madagascar,points,census,2022,Restricted,R,req,blocked_here,000,NOT-GLOBAL,-,https://www.mineau.gov.mg/
water_points,C,43,Mozambique SINAS,DNAAS Mozambique,N,Mozambique,points,census,2023,Restricted,R,req,blocked_here,000,NOT-GLOBAL,-,https://www.sinas.gov.mz/
water_points,C,43,Zimbabwe RWIMS,Ministry of Lands/ NAC Zimbabwe,N,Zimbabwe,points,census,2023,Restricted,R,req,blocked_here,000,NOT-GLOBAL,-,https://www.rwims.org/
water_points,C,42,Afghanistan MRRD WASH MIS,MRRD Afghanistan,N,Afghanistan,points,census,2020,Restricted,R,req,ok,202,NOT-GLOBAL,-,https://data.humdata.org/search?q=afghanistan+water+points
water_points,C,42,Burundi water points (MINEAGRIE),Government of Burundi,N,Burundi,points,census,2020,Restricted,R,req,ok,202,NOT-GLOBAL,-,https://data.humdata.org/search?q=burundi+water
water_points,C,42,Cameroon water points,MINEE Cameroon,N,Cameroon,points,census,2021,Restricted,R,req,ok,202,NOT-GLOBAL,-,https://data.humdata.org/search?q=cameroon+water+points
water_points,C,42,Chad SITEAU,Ministere de l Eau Tchad,N,Chad,points,census,2020,Restricted,R,req,ok,202,NOT-GLOBAL,-,https://data.humdata.org/search?q=chad+water+points
water_points,C,42,Guinea SNAPE,SNAPE Guinea,N,Guinea,points,census,2021,Restricted,R,req,ok,202,NOT-GLOBAL,-,https://data.humdata.org/search?q=guinea+water+points
water_points,C,42,Laos Nam Saat water points,Nam Saat Laos,N,Laos,points,census,2021,Restricted,R,req,ok,202,NOT-GLOBAL,-,https://data.humdata.org/search?q=laos+water
water_points,C,42,Lesotho water points,Commission of Water Lesotho,N,Lesotho,points,census,2020,Restricted,R,req,ok,202,NOT-GLOBAL,-,https://data.humdata.org/search?q=lesotho+water
water_points,C,42,Sudan WES water sources,WES Sudan / UNICEF,N,Sudan,points,census,2020,Restricted,R,req,ok,202,NOT-GLOBAL,-,https://data.humdata.org/search?q=sudan+water+points
water_points,C,42,Timor-Leste water systems (BESIK),Government of Timor-Leste,N,Timor-Leste,points,census,2020,Restricted,R,req,ok,202,NOT-GLOBAL,-,https://data.humdata.org/search?q=timor-leste+water
water_points,C,41,Rwanda WASAC rural water infrastructure,WASAC,N,Rwanda,points,census,2023,Restricted,R,req,timeout,000,NOT-GLOBAL,-,https://www.wasac.rw/
water_points,C,38,Bangladesh DPHE water point mapping,DPHE,N,Bangladesh,points,census,2023,Restricted,R,req,error,"curl: (60) SSL certificate problem: unable to get local issuer certificate
More ",NOT-GLOBAL,-,https://dphe.gov.bd/
water_points,C,38,Benin BDI water points,DG-Eau Benin,N,Benin,points,census,2022,Restricted,R,req,error,curl: (35) Recv failure: Connection reset by peer,NOT-GLOBAL,-,https://eau.gouv.bj/
water_points,C,38,Burkina Faso INOH (inventaire national),DGEP Burkina Faso,N,Burkina Faso,points,census,2023,Restricted,R,req,error,curl: (60) SSL: no alternative certificate subject name matches target host name,NOT-GLOBAL,-,https://www.eauburkina.bf/
water_points,C,38,Namibia GROWAS II,"Ministry of Agriculture, Water and Land Reform Namibia",N,Namibia,points,boreholes,2023,Restricted,R,req,error,curl: (35) Recv failure: Connection reset by peer,NOT-GLOBAL,-,https://www.mawlr.gov.na/
water_points,C,38,Pakistan PCRWR water quality points,PCRWR,N,Pakistan,points,survey,2022,Restricted,R,req,error,"curl: (60) SSL certificate problem: unable to get local issuer certificate
More ",NOT-GLOBAL,-,https://pcrwr.gov.pk/
water_points,C,37,Mali SIGMA2 water points,DNH Mali,N,Mali,points,census,2021,Restricted,R,req,blocked_here,000,NOT-GLOBAL,-,https://www.dnh.gouv.ml/
water_points,C,31,Ethiopia National WASH Inventory (NWI),Ministry of Water Ethiopia,N,Ethiopia,points,census,2015,Restricted,R,req,blocked_here,000,STALE<2018;NOT-GLOBAL,-,https://www.mowie.gov.et/
